component_id,module_a_score,module_a_disposition,module_a_primary_parameter,module_a_reason_codes,module_a_evidence_tier,predicted_IDDQ_168h,predicted_Input_Leakage_Current_168h,predicted_Active_Supply_Current_168h,predicted_Propagation_Delay_168h,predicted_Output_Rise_Time_168h,predicted_Output_Fall_Time_168h,module_b_p95_IDDQ_168h,module_b_p95_Input_Leakage_Current_168h,module_b_p95_Active_Supply_Current_168h,module_b_p95_Propagation_Delay_168h,module_b_p95_Output_Rise_Time_168h,module_b_p95_Output_Fall_Time_168h,module_b_primary_parameter,module_b_reason_codes,evidence_IDDQ_limit,evidence_IDDQ_pred_frac_of_limit,evidence_IDDQ_pred_rel_delta_from_24h,evidence_IDDQ_lot_rel_dev_24h,evidence_Input_Leakage_Current_limit,evidence_Input_Leakage_Current_pred_frac_of_limit,evidence_Input_Leakage_Current_pred_rel_delta_from_24h,evidence_Input_Leakage_Current_lot_rel_dev_24h,evidence_Active_Supply_Current_limit,evidence_Active_Supply_Current_pred_frac_of_limit,evidence_Active_Supply_Current_pred_rel_delta_from_24h,evidence_Active_Supply_Current_lot_rel_dev_24h,evidence_Propagation_Delay_limit,evidence_Propagation_Delay_pred_frac_of_limit,evidence_Propagation_Delay_pred_rel_delta_from_24h,evidence_Propagation_Delay_lot_rel_dev_24h,evidence_Output_Rise_Time_limit,evidence_Output_Rise_Time_pred_frac_of_limit,evidence_Output_Rise_Time_pred_rel_delta_from_24h,evidence_Output_Rise_Time_lot_rel_dev_24h,evidence_Output_Fall_Time_limit,evidence_Output_Fall_Time_pred_frac_of_limit,evidence_Output_Fall_Time_pred_rel_delta_from_24h,evidence_Output_Fall_Time_lot_rel_dev_24h,b_evidence_status
C00158,0.6645695364238411,PASS,,A_OK,PASS,1.7537830284367524,0.0167611412770919,96.57261911184004,9.833797142657769,7.938837767649766,8.148487290159071,1.8452803281913777,0.0180650713766559,101.66872444066932,10.32251623492797,8.334144914193278,8.327640138236307,Output_Rise_Time,,40.0,0.0438445757109188,0.0229438579534697,0.0646970146264518,0.1,0.1676114127709196,0.0398375381284173,-0.1275000676608297,,,0.0219706958336416,0.0468143583103717,18.0,0.5463220634809871,0.0296190836156906,0.0302369530062989,15.0,0.5292558511766511,0.0289471691320644,-0.07876011112197,15.0,0.5432324860106047,0.0286482214727285,0.017923777300755,NOT_APPLICABLE
C00159,0.2523178807947019,PASS,,A_OK,PASS,1.461337959768601,0.0185183110015123,92.61864836949404,9.193958927450405,8.412504212258902,8.171766396889334,1.5307775396687415,0.0191837066695012,97.09702717553937,9.530373466934575,8.83877792823311,8.410714568921199,Output_Rise_Time,,40.0,0.036533448994215,0.0291308072538005,-0.1181757068313184,0.1,0.1851831100151239,0.0218690542717358,-0.0190803540014615,,,0.0220332075981015,0.0038932537325866,18.0,0.5107754959694669,0.0285654655588903,-0.0358089802988341,15.0,0.5608336141505935,0.029220703500768,-0.0240542778991326,15.0,0.5447844264592889,0.0284009364214769,0.0210773104568002,NOT_APPLICABLE
C00160,0.6009933774834437,PASS,,A_OK,PASS,1.754383301117478,0.0116054540631721,100.39542132491516,9.671130597010608,8.647653816807154,7.859118086408859,1.8100720425118224,0.0120026724669431,105.12334140545433,9.947250592345494,9.08307237234728,8.069986967097506,Output_Rise_Time,,40.0,0.0438595825279369,0.0330548312834626,0.0546371953728184,0.1,0.1160545406317213,0.0377764520407881,-0.3946791523451244,,,0.0220676331257246,0.088149020095267,18.0,0.537285033167256,0.0336832977601095,0.0092115461647628,15.0,0.5765102544538102,0.0337728777498083,-0.0011919230067291,15.0,0.5239412057605907,0.0323818179536972,-0.0217753257008262,NOT_APPLICABLE
C00161,0.214569536423841,PASS,,A_OK,PASS,1.9101276982057973,0.0143243537013329,91.70685293672696,9.582930183281006,7.957059102155037,7.866218480225743,1.9987610222534111,0.015516480492688,97.07648851909424,9.948218359117496,8.39749938306792,8.08046697211521,IDDQ,,40.0,0.0477531924551449,0.0351116183271857,0.1459804038769956,0.1,0.1432435370133298,0.041316785499635,-0.2554061003004141,,,0.0093402222137703,0.0065105093568209,18.0,0.5323850101822781,0.0309980746544662,0.0026120765623043,15.0,0.5304706068103359,0.0297559472144367,-0.077370877544881,15.0,0.5244145653483829,0.0289740474766561,-0.0176489145233301,NOT_APPLICABLE
C00162,0.0278145695364238,PASS,,A_OK,PASS,1.6458840757505304,0.0201615482352731,89.53782900702983,9.149134110172922,8.855053050857032,7.9305504104423505,1.7337530922035138,0.0215606080501452,93.0019615040863,9.492685583179345,9.322585535973284,8.243144401782576,Output_Rise_Time,,40.0,0.0411471018937632,0.0277968539148831,-0.0055248584474317,0.1,0.2016154823527319,0.0215102718383337,0.0683374380903407,,,0.0137507747193346,-0.0215706657689206,18.0,0.5082852283429401,0.0234380672632388,-0.0357028382271318,15.0,0.5903368700571355,0.0230678230237326,0.0334646488412138,15.0,0.5287033606961568,0.0221982607907386,-0.0030500901752941,NOT_APPLICABLE
C00163,0.3605960264900662,PASS,,A_OK,PASS,1.8432148146880396,0.0203665844440689,94.4854237349161,9.555921697245452,8.270652215012664,8.12134800093004,1.9741172879864817,0.0234165469437921,98.85656249449728,9.954856136772696,8.708551608842239,8.340545500774512,Input_Leakage_Current,,40.0,0.0460803703672009,0.0329854478044692,0.1081121614886968,0.1,0.2036658444406894,0.050907350055157,0.0490135051016265,,,0.0186478919216695,0.0275307517371952,18.0,0.5308845387358585,0.026017057109167,0.0046399941923889,15.0,0.5513768143341776,0.025008763940961,-0.0365680068044386,15.0,0.5414232000620026,0.0227449950395075,0.0203893182593566,NOT_APPLICABLE
C00164,0.4281456953642384,PASS,,A_OK,PASS,2.331948708872345,0.0176736899113944,97.05998352306872,9.176799203883665,7.93358657708923,7.703343341225191,2.4876060568129867,0.0186558729210035,102.06614739315292,9.545464607876983,8.39156394793559,8.04204464513636,IDDQ,,40.0,0.0582987177218086,0.037005597762093,0.3964965448287318,0.1,0.1767368991139442,0.0348199491418951,-0.0755365503802538,,,0.0152052536291786,0.0591085172776801,18.0,0.5098221779935369,0.0231031266238134,-0.0324703590983684,15.0,0.5289057718059487,0.0233509508010362,-0.0743349812895252,15.0,0.5135562227483461,0.0211394604129169,-0.0306081997516083,NOT_APPLICABLE
C00165,0.2473509933774834,PASS,,A_OK,PASS,1.6215852117119984,0.0214437647967639,90.7947806145668,9.341241696818727,8.817544980093638,8.799693485957004,1.6898668864150432,0.0224625281160665,95.06278143579564,9.791322336494163,9.234072694833587,9.929081856524688,IDDQ,,40.0,0.0405396302927999,0.0315972228253771,-0.023816229291096,0.1,0.2144376479676397,0.0350806003168402,0.1213835286475952,,,0.0184775415491975,-0.0124399097778443,18.0,0.5189578720454848,0.022663065358831,-0.0147090366975964,15.0,0.5878363320062425,0.0240945221464769,0.0280554138826523,15.0,0.5866462323971336,0.023351780584457,0.1049630143156088,NOT_APPLICABLE
C00166,0.2354304635761589,PASS,,A_OK,PASS,1.5527849229339856,0.0170040537285839,87.98298755631444,9.59668440552781,8.431529098153392,8.207773052832708,1.638050352283135,0.0177100788970462,91.64523518148088,9.855481495901536,9.645827684586664,8.37623234981759,Output_Rise_Time,B_WIDE_ENVELOPE:Output_Rise_Time,40.0,0.0388196230733496,0.0227869521825237,-0.0571814931370098,0.1,0.1700405372858389,0.032990324317107,-0.1089880646296247,,,0.0189642585385006,-0.0434804345295046,18.0,0.5331491336404339,0.0356878232074236,-0.0004953836019238,15.0,0.5621019398768928,0.0359583251866313,-0.0282088444925844,15.0,0.5471848701888472,0.0376234949375529,0.0164609265021558,NOT_APPLICABLE
C00167,0.0218543046357615,PASS,,A_OK,PASS,1.83987417991728,0.0225458404419767,90.36425655912176,9.819647571479942,8.700128485074295,8.294729231631644,1.9321505687563885,0.0237216587582571,94.45700683251042,10.204733078214849,9.09776628050436,8.697778690550294,Output_Rise_Time,,40.0,0.045996854497932,0.0266352963034583,0.1129455199213795,0.1,0.2254584044197679,0.0255567886634276,0.1899645457251886,,,0.0138587896218441,-0.0126450376762023,18.0,0.5455359761933302,0.0215889223618591,0.0368410609309965,15.0,0.5800085656716196,0.0213979097428997,0.0170436333371402,15.0,0.5529819487754429,0.0206161636464272,0.0443472266037356,NOT_APPLICABLE
C00168,0.3417218543046357,PASS,,A_OK,PASS,1.4868360402641256,0.0135060757542353,91.57616064489088,9.153414415694934,8.325824670296424,7.416381430151707,1.554873307831324,0.0151285720387425,95.18725826564474,9.455167315280027,8.713368777145115,7.654320623430045,IDDQ,,40.0,0.0371709010066031,0.0328937136339815,-0.1060578444264694,0.1,0.1350607575423532,0.0441496524341183,-0.2998457333080733,,,0.0133012445382524,0.0011472517436756,18.0,0.508523023094163,0.0166038235250926,-0.0287660655167332,15.0,0.5550549780197616,0.0149540859889286,-0.0205331349521318,15.0,0.4944254286767804,0.0133356128775688,-0.0595322706762279,NOT_APPLICABLE
C00169,0.3486754966887417,PASS,,A_OK,PASS,1.9401284121336495,0.0240757063763018,93.63417668372183,10.073424370658586,9.013213942178831,8.155664418482246,2.0927867917683867,0.0273298164361648,98.23200055828497,10.8246595739184,9.49497002724845,8.381548128833037,Active_Supply_Current,,40.0,0.0485032103033412,0.0325620917970232,0.1668533333747344,0.1,0.240757063763018,0.0199841711702171,0.2776529811361605,,,0.0247203404187546,0.0122391797719987,18.0,0.5596346872588103,0.02752728582126,0.0574899007274991,15.0,0.6008809294785888,0.0270043362845855,0.0478914246199293,15.0,0.5437109612321497,0.025305884422082,0.0221415524028647,NOT_APPLICABLE
C00170,0.4559602649006622,PASS,,A_OK,PASS,1.7812664141865695,0.0218610385823907,85.21585552069041,9.13186985478474,7.63058996595726,7.542710725743852,1.8414396473152683,0.0249361415350613,89.31252586478307,9.464524135966355,7.986618222444509,7.759003540920094,Input_Leakage_Current,,40.0,0.0445316603546642,0.0331884113357456,0.0706593780225957,0.1,0.2186103858239076,0.0518205630480545,0.1250101491244688,,,0.0181209068738392,-0.0727962985918657,18.0,0.5073261030435967,0.0131938823591843,-0.0277910470349066,15.0,0.508705997730484,0.0117717054602621,-0.099498437127151,15.0,0.5028473817162568,0.0097881754188146,-0.0401523246079286,NOT_APPLICABLE
C00171,0.4102649006622517,PASS,,A_OK,PASS,1.28221483027017,0.0198539133191065,88.54557785361905,10.284436996238297,9.010935141601069,8.530374693559777,1.3368926227329117,0.0207115852422221,93.7090463297362,10.900280172496409,9.469027372768473,8.735728506416715,Output_Rise_Time,,40.0,0.0320553707567542,0.0296557256131487,-0.2266595456966,0.1,0.1985391331910659,0.0291267530119529,0.0442501826842403,,,0.0198469343916696,-0.0381973138292893,18.0,0.5713576109021274,0.0323104247819351,0.0746391803286381,15.0,0.6007290094400711,0.0309490762409052,0.0436179343786236,15.0,0.5686916462373185,0.0308821684022242,0.0633205967824734,NOT_APPLICABLE
C00172,0.3993377483443708,PASS,,A_OK,PASS,1.4843824868603148,0.0132730084993603,95.70345850715168,9.917388654634555,8.7979760373287,8.399416042332744,1.5639984812955716,0.0137096713455721,100.22850420983582,10.170849126460972,9.224932151397775,8.598264852752111,Output_Rise_Time,,40.0,0.0371095621715078,0.0263011700277768,-0.1018001667424821,0.1,0.1327300849936036,0.0336429015933625,-0.3049338277084631,,,0.0169274852257216,0.0425376570931081,18.0,0.5509660363685865,0.0284594975953487,0.0401658750327043,15.0,0.5865317358219133,0.027227683491199,0.0226451043128148,15.0,0.5599610694888496,0.0273113871726051,0.0506356603292312,NOT_APPLICABLE
C00173,0.4857615894039735,PASS,,A_OK,PASS,2.1048214366301057,0.0222034610298581,87.3318413337875,9.253767443955322,7.517945313504072,7.900180497351006,2.194396453776064,0.0243038576636198,90.67592328655684,9.509727529127154,7.864723079727231,8.096773462958717,Input_Leakage_Current,,40.0,0.0526205359157526,0.0277167404749214,0.2718731515105408,0.1,0.222034610298581,0.0426118064358613,0.1527240250074426,,,0.0165893847698576,-0.0483414572488846,18.0,0.5140981913308512,0.0156215212201332,-0.0171683182959107,15.0,0.5011963542336048,0.0150424380076443,-0.1156506804110245,15.0,0.5266786998234004,0.0140761460532809,0.0010864725493811,NOT_APPLICABLE
C00174,0.1350993377483443,PASS,,A_OK,PASS,1.3773253669955097,0.0207954173929128,88.97775724927745,8.933490791398828,8.460825985694745,7.827368435832038,1.4504861909305122,0.0216758300633659,94.45527645441688,9.183967663731806,8.756783696143394,8.024610724730055,Active_Supply_Current,,40.0,0.0344331341748877,0.0234911656463969,-0.1642922682100955,0.1,0.2079541739291286,0.0218376194247392,0.1015724376843756,,,0.0247596870393649,-0.0381363193804932,18.0,0.4963050439666016,0.0165807225097421,-0.0520797832414937,15.0,0.564055065712983,0.0184433380320089,-0.0080614352878344,15.0,0.5218245623888025,0.0180933526760713,-0.0120537415197637,NOT_APPLICABLE
C00175,0.5076158940397351,PASS,,A_OK,PASS,1.9041750319836568,0.0174501848035478,99.96991342115383,9.49784713328535,9.076654986917251,7.720819723681711,1.991266241023176,0.0191166358383593,104.45133498959852,9.678727811465423,9.520181922587296,7.957580265223748,IDDQ,,40.0,0.0476043757995914,0.0350301767182322,0.1424989947322417,0.1,0.1745018480354782,0.0469273340261475,-0.0977834312160005,,,0.0195791432412419,0.08618168879294,18.0,0.5276581740714082,0.0090652804228143,0.0153093218896935,15.0,0.6051103324611501,0.0084885348724804,0.0746418425093893,15.0,0.5147213149121141,0.0051444030442893,-0.0129478486751267,NOT_APPLICABLE
C00176,0.3655629139072848,PASS,,A_OK,PASS,1.7039035597044236,0.0201335166773999,82.33100140396022,10.024237857386284,8.61723533088909,7.818301424247633,1.7790378069881347,0.0208084640981284,84.47230000036089,10.453171194840191,8.973064316530333,8.088381568505396,IDDQ,,40.0,0.0425975889926105,0.028785004793675,0.0285427731727803,0.1,0.2013351667739992,0.0159719774637896,0.0726677311970553,,,0.0153397859793876,-0.1017316507904962,18.0,0.5569021031881269,0.0172267749355226,0.0629823214662577,15.0,0.574482355392606,0.0157056227782815,0.0129989158963244,15.0,0.5212200949498422,0.0143086768501381,-0.0095161117261293,NOT_APPLICABLE
C00177,0.5195364238410596,PASS,,A_OK,PASS,1.656343573693036,0.0186346122304244,95.12664187075424,9.645141157186291,9.09833443075166,8.317531590937493,1.7404254061579585,0.019306502717049,99.56920894677916,10.533742307642948,9.537911958237125,8.481534069006166,Output_Rise_Time,,40.0,0.0414085893423259,0.0247241203758003,0.0037959531568512,0.1,0.186346122304244,0.0217464760623096,-0.0128014289967252,,,0.0186538441046749,0.0344979661685749,18.0,0.5358411753992385,0.0377408456550973,0.0025640753205282,15.0,0.6065556287167773,0.036728964678976,0.0478655145480575,15.0,0.5545021060624996,0.0366439747424376,0.0310268546973071,NOT_APPLICABLE
C00178,0.3764900662251656,PASS,,A_OK,PASS,1.9061752236219185,0.0159839553405252,93.63553201003865,9.42682875112138,8.163083651210952,7.321684195524521,1.9893224299182823,0.0309548480719605,98.58291583708424,9.742348511482808,8.545217314209701,7.576497495162187,IDDQ,,40.0,0.0476543805905479,0.03160570070594,0.1474956800655791,0.1,0.1598395534052523,0.0314891159347722,-0.1612222252293703,,,0.0088996436362657,0.0281271259019142,18.0,0.5237127083956322,0.0163492948951515,0.0004953836019234,15.0,0.5442055767473968,0.013676564767029,-0.0384680389412859,15.0,0.4881122797016347,0.0120945393367497,-0.0704022646945252,NOT_APPLICABLE
C00179,0.6973509933774834,PASS,,A_OK,PASS,1.861690829083555,0.0174957862704493,85.95318515432028,9.217293209967112,7.402581510002307,7.214239442231021,1.942915312821328,0.0181739965646387,89.8592439143648,9.582787294241482,7.887604922955894,7.414296177937318,Output_Rise_Time,B_WIDE_ENVELOPE:Output_Rise_Time,40.0,0.0465422707270888,0.0320783695351909,0.1202033202557961,0.1,0.1749578627044932,0.0303761054446009,-0.0808952880998133,,,0.0170736392638244,-0.0638106841315064,18.0,0.5120718449981729,0.0289863283210531,-0.0337572238497999,15.0,0.4935054340001538,0.0275248008653609,-0.1397993450005472,15.0,0.4809492961487347,0.0269542255017866,-0.0972975681904482,NOT_APPLICABLE
C00180,0.0804635761589404,PASS,,A_OK,PASS,1.794547283756708,0.0213731148680595,85.61118936425586,9.679233331119864,8.633651431170193,7.68802741201792,1.8618104849936408,0.0227686854303954,89.25145347466639,10.08057019446558,8.95588415099089,7.935553450273494,IDDQ,,40.0,0.0448636820939177,0.0331832107440783,0.0786474917987229,0.1,0.2137311486805958,0.0364229884618164,0.1162413055833717,,,0.0162350868950343,-0.0667662229891025,18.0,0.5377351850622146,0.0157817905978238,0.0278577094335976,15.0,0.5755767620780129,0.0141024462386184,0.0165331929811405,15.0,0.5125351608011947,0.0122190535361539,-0.0240095655844561,NOT_APPLICABLE
C00181,0.2662251655629139,PASS,,A_OK,PASS,1.9059681132505488,0.017745736807693,91.79047294395052,9.4714183303655,8.286263021058033,8.155793184960183,2.044329521241393,0.0184562176520802,95.5829672113106,9.944496666094643,8.744812333802734,8.370055146561615,IDDQ,,40.0,0.0476492028312637,0.0394632403711965,0.1386977629493235,0.1,0.1774573680769302,0.0284402670352374,-0.0660099055454817,,,0.016237698001204,0.0005905804675303,18.0,0.5261899072425278,0.0236646559981009,-0.0019558078994619,15.0,0.5524175347372022,0.0241112101836919,-0.0339035678467471,15.0,0.5437195456640123,0.0223081140005466,0.0251550199079548,NOT_APPLICABLE
C00182,0.2771523178807947,PASS,,A_OK,PASS,1.160193970682134,0.0152574919948138,89.00533274926967,9.41789565619873,8.568436908815704,8.105512087042866,1.2751732041873305,0.0158724684651976,93.74959771856274,9.879674626553443,9.034924229456642,8.300505051220172,Output_Rise_Time,,40.0,0.0290048492670533,0.0246981361403018,-0.2968683774590246,0.1,0.152574919948138,0.0356701055398997,-0.2025765243984952,,,0.0193951178946824,-0.0327748452955455,18.0,0.523216425344374,0.0230680231754666,-0.0070169725379503,15.0,0.5712291272543802,0.0233055153827417,-0.0002183251908643,15.0,0.5403674724695244,0.0241027458298234,0.0170494592373617,NOT_APPLICABLE
C00183,0.1559602649006622,PASS,,A_OK,PASS,1.520135986544838,0.0206645537334813,86.2985317390493,9.533379962350836,8.288609053179755,7.391642095696218,1.598529469002691,0.0225977142735023,89.59785559883717,9.91925810623409,8.690163893991425,7.615911759868202,Propagation_Delay,,40.0,0.0380033996636209,0.0246099999358584,-0.0786474917987228,0.1,0.2066455373348135,0.008420541356693,0.1092045792849603,,,0.0150005488982221,-0.0581294156862522,18.0,0.5296322201306021,0.0236285194056295,0.0046088203522243,15.0,0.5525739368786503,0.020706335645322,-0.0304064245515722,15.0,0.4927761397130812,0.0196945066535416,-0.0685147194221585,NOT_APPLICABLE
C00184,0.033774834437086,PASS,,A_OK,PASS,1.5406507121159403,0.0176533888748394,90.7198835334022,9.243311141331564,8.863092681547899,7.722628602090974,1.620620845631879,0.018423962654396,94.47694374395974,9.557123225723,9.206729454852892,7.928995722075543,IDDQ,,40.0,0.0385162678028985,0.029228920150832,-0.0704041409268956,0.1,0.1765338887483946,0.0313968727996884,-0.0735337898183984,,,0.0107167816468282,-0.0056778564782674,18.0,0.5135172856295314,0.0177340650464173,-0.0203166604166173,15.0,0.5908728454365266,0.0176307513875766,0.039929629677611,15.0,0.5148419068060649,0.0162194479110144,-0.023476288106049,NOT_APPLICABLE
C00185,0.7301324503311258,PASS,,A_OK,PASS,1.0465171020003277,0.0097058571474613,92.02557932480433,9.35752713037691,8.072536569483866,7.866391267786045,1.089576814119153,0.0100145864150551,96.69865143760536,9.79058497263958,8.412852050317465,8.155713296418234,Output_Rise_Time,,40.0,0.0261629275500081,0.0263382653649867,-0.3667753960133953,0.1,0.0970585714746138,0.0365075979775077,-0.493139191859049,,,0.0200447516093808,-0.0005905804675303,18.0,0.5198626183542728,0.0211995423442624,-0.0115767669027877,15.0,0.5381691046322578,0.0208581099628174,-0.0558227722427668,15.0,0.5244260845190697,0.0198131923486499,-0.0088028049110358,NOT_APPLICABLE
C00186,0.4221854304635761,PASS,,A_OK,PASS,2.282591760430712,0.0200394915252405,85.81549644614499,9.252605941536917,8.931289522771015,7.92498230460624,2.501172665490043,0.021320290532056,88.38136806625515,9.652910042876863,9.333154147763448,8.170195319084472,IDDQ,B_WIDE_ENVELOPE:IDDQ,40.0,0.0570647940107678,0.039587807107039,0.3635436348308587,0.1,0.2003949152524054,0.0178013878429855,0.0657392622263119,,,0.0154649205687142,-0.0638296161171572,18.0,0.5140336634187176,0.025869685998984,-0.0271086743259749,15.0,0.5954193015180677,0.0260875270783677,0.0392945344136199,15.0,0.528332153640416,0.0236682052862007,-0.0051806300769782,NOT_APPLICABLE
C00187,0.4350993377483444,PASS,,A_OK,PASS,2.0050364926087023,0.0174397283941585,89.95960939343294,9.24409898826003,7.757263982818928,7.952905028573504,2.073050539309266,0.0182043970978206,94.7494717917054,9.589695074642323,8.215248752702498,8.225597587366197,Output_Rise_Time,,40.0,0.0501259123152175,0.0298034023513513,0.2091214658434079,0.1,0.1743972839415856,0.0299863214126251,-0.0834934639638421,,,0.0197077675945432,-0.0227044136562427,18.0,0.5135610549033349,0.0233546863817935,-0.025614379489296,15.0,0.5171509321879285,0.0234799962871155,-0.0950218453547211,15.0,0.5301936685715669,0.0224111693131448,-0.0004480815824591,NOT_APPLICABLE
C00188,0.8493377483443709,MONITOR,Input_Leakage_Current,A_LOT_RELATIVE_DEVIATION,MONITOR,1.918685122367343,0.0298817266691652,94.20519000774438,9.672159365690776,8.55807994395736,8.10950242336957,2.08893535149835,0.0328520279958393,98.63660773408223,9.913125314213316,8.836279436142508,8.804564343513455,Output_Rise_Time,,40.0,0.0479671280591835,0.039662746312814,0.1460754191461977,0.1,0.2988172666916526,0.049181091575621,0.5416384746542531,,,0.0265278541240923,0.0166189379012038,18.0,0.5373421869828209,0.0403257660730507,0.0028744114387067,15.0,0.5705386629304906,0.0417637638260784,-0.019119782321964,15.0,0.5406334948913046,0.0416091785617217,0.0004480815824592,NO_MATCHING_DRIFT_CODE
C00189,0.3645695364238411,PASS,,A_OK,PASS,1.33040484618053,0.0175060774480761,99.88347097714605,9.285420494008545,8.739596233148628,8.261545896298808,1.406125483127889,0.0182063895801803,104.17865409031472,9.621252981670692,9.142655194483568,8.61870579062588,Output_Rise_Time,,40.0,0.0332601211545132,0.0270430363590206,-0.1955535338072711,0.1,0.1750607744807615,0.0295875697274691,-0.0796503288316328,,,0.0115030265517512,0.0939073568987258,18.0,0.5158566941115859,0.0183500333357217,-0.0164488390090667,15.0,0.5826397488765752,0.0188208728910514,0.0242416184648783,15.0,0.5507697264199205,0.0182423417236094,0.0425942214566441,NOT_APPLICABLE
C00190,0.623841059602649,PASS,,A_OK,PASS,1.756105416139946,0.0219835877043392,92.47181496813944,9.77484452866298,8.5927415536488,7.925641743992905,1.832231039106848,0.0231286214674793,96.53920170243453,10.108290887361331,9.008191879349052,8.180677313603805,Propagation_Delay,,40.0,0.0439026354034986,0.0239108575496334,0.0651000532520218,0.1,0.2198358770433924,0.0299174375422462,0.1553763295353052,,,0.017716526091551,0.0065530260103769,18.0,0.5430469182590545,0.0234326916784311,0.030250975840975,15.0,0.57284943690992,0.0220224394551301,0.0038763019736489,15.0,0.5283761162661936,0.022042049271837,-0.0035148768353902,NOT_APPLICABLE
C00191,0.528476821192053,PASS,,A_OK,PASS,1.3128023789564325,0.0167798222268216,90.85413797562116,8.584520790846899,8.139337144390115,7.443932425170068,1.3714864031844431,0.0179413916578595,96.04635914335022,8.996615140552358,8.529006013747463,7.681605139976484,Active_Supply_Current,,40.0,0.0328200594739108,0.0318883246672836,-0.209924438020391,0.1,0.1677982222682168,0.0255361341414057,-0.114346802349184,,,0.0249148206043187,-0.0180010060871484,18.0,0.4769178217137166,0.0203980203347969,-0.0925161371815083,15.0,0.5426224762926743,0.0220692188570445,-0.0491377348973385,15.0,0.4962621616780046,0.020853553932875,-0.0629902217470554,NOT_APPLICABLE
C00192,0.4062913907284768,PASS,,A_OK,PASS,1.3799525536529105,0.021078742855314,91.84134463094462,9.967858085621044,8.96854369150969,8.119427016217347,1.448117489309957,0.0221948108727099,95.915776461369,10.253122996439002,10.211356196450268,8.317024039524796,Output_Rise_Time,B_WIDE_ENVELOPE:Output_Rise_Time,40.0,0.0344988138413227,0.0281947808028765,-0.166528542617919,0.1,0.2107874285531401,0.037492880608063,0.0997320631140219,,,0.0186032180973752,-0.0011798537529033,18.0,0.5537698936456136,0.0274676361250152,0.0464684920118652,15.0,0.5979029127673127,0.0276633799217761,0.0420293007092493,15.0,0.5412951344144898,0.0290056893604642,0.0139411582915331,NOT_APPLICABLE
C00193,0.7569536423841059,PASS,,A_OK,PASS,1.3066281090176857,0.0179662004753651,86.04080653534275,8.74908890664481,7.558312015512079,6.936594439380442,1.4641198507451871,0.0185115139165391,89.36704583698564,9.16042759428692,8.041142629754063,7.1419115556712125,IDDQ,,40.0,0.0326657027254421,0.0319832979771364,-0.21371262849185,0.1,0.1796620047536511,0.0172234444210798,-0.0439795393650708,,,0.0157515514750324,-0.0616365521807731,18.0,0.4860604948136005,0.0261858174614502,-0.0803357951138726,15.0,0.5038874677008053,0.0236068579521853,-0.1183412682430935,15.0,0.4624396292920295,0.023054727613701,-0.1287303562743308,NOT_APPLICABLE
C00194,0.0923841059602649,PASS,,A_OK,PASS,1.962255355456584,0.0196012098686,95.39116049285356,9.08409272757239,8.45620416035747,7.787508874630605,2.2233597904151825,0.0217862122324978,99.90044817764466,9.503769510575069,8.877013057013052,8.06078931853519,Input_Leakage_Current,,40.0,0.0490563838864146,0.0337240755545451,0.1788345725166782,0.1,0.1960120986860009,0.0489783725034834,0.0114482124008767,,,0.0169375827941837,0.0391253466940642,18.0,0.5046718181984661,0.0197835000144131,-0.0391268908511629,15.0,0.5637469440238313,0.0201064644498547,-0.0102196129333765,15.0,0.519167258308707,0.0178809454643349,-0.0168795814478548,NOT_APPLICABLE
C00195,0.0913907284768212,PASS,,A_OK,PASS,1.3815703679236508,0.0189438781135638,91.30012024428102,10.092695922660964,8.567292660620224,8.258558649703511,1.451352204923336,0.0199050915840754,94.9206984739895,10.614203563974636,8.88121022302001,8.628987780102086,Propagation_Delay,,40.0,0.0345392591980912,0.0240674107599436,-0.1621882699613572,0.1,0.1894387811356388,0.0372818328622836,-0.0114482124008769,,,0.0128543836843664,-0.0014301680582063,18.0,0.5607053290367203,0.0248397780459936,0.0622914271885612,15.0,0.5711528440413483,0.0227221913250315,0.0002183251908645,15.0,0.5505705766469008,0.0224807545322636,0.0378970106263567,NOT_APPLICABLE
C00196,0.1788079470198675,PASS,,A_OK,PASS,1.7219559453204711,0.016404485083528,90.4440302492722,9.68116798696375,8.151231081420068,8.054175859870526,1.7970463376814112,0.0173007518775928,95.6399728442506,9.983308539865249,8.58478386919132,8.358977842630578,Active_Supply_Current,,40.0,0.0430488986330117,0.0193660501695264,0.0490443358013497,0.1,0.1640448508352807,0.0165128940096709,-0.1264716230479851,,,0.0289406965473877,-0.0262585311637212,18.0,0.5378426659424306,0.0223832666784399,0.0214250036958258,15.0,0.5434154054280046,0.0225257993746182,-0.0481734503791975,15.0,0.5369450573247018,0.0221338882233972,0.0125546368476747,NOT_APPLICABLE
C00197,0.2105960264900662,PASS,,A_OK,PASS,1.5335728739544243,0.0144263248858066,92.49832979527744,9.870269760763776,8.862377069171586,8.353984199086348,1.5933960825440707,0.0158184308894114,98.03684360008276,10.21971218109251,9.270099378211397,8.604006997904682,IDDQ,,40.0,0.0383393218488606,0.0319029404333479,-0.0770725981863261,0.1,0.1442632488580664,0.043193642765684,-0.251454707840537,,,0.0117649916393606,0.0127642128088121,18.0,0.548348320042432,0.0236240965897009,0.0401140984123615,15.0,0.5908251379447724,0.0225385116330539,0.0348548376283257,15.0,0.5569322799390899,0.0216099153686604,0.0507845925213938,NOT_APPLICABLE
C00198,0.9188122888888888,MONITOR,Propagation_Delay,A_STATIC_LIMIT_EXCEEDED:Propagation_Delay|A_LOT_RELATIVE_DEVIATION,CONFIRMED,1.646044474798844,0.0299370712230954,93.81063175523414,12.650653310548984,10.277404392190554,8.894485333039306,1.8366650769985,0.0316299607364503,97.69592271776033,15.061878319862029,10.357647002663745,8.894485333039306,Propagation_Delay,B_HIGH_FORECAST_DRIFT:Propagation_Delay|B_WIDE_ENVELOPE:Propagation_Delay|B_LOT_OUTLIER_24H:Propagation_Delay,40.0,0.0411511118699711,0.0356799563584337,-0.0129981509283395,0.1,0.2993707122309547,0.0393372872898025,0.5591220330726134,,,0.015599911837234,0.0232541391424507,18.0,0.7028140728082769,0.1001827087820643,0.2403395748071577,15.0,0.6851602928127036,0.0864817256028065,0.1294575248848628,15.0,0.592965688869287,0.0827996223968918,0.0555477241580479,SAME_PARAMETER_DRIFT_SUPPORT
C00199,0.6208609271523179,PASS,,A_OK,PASS,1.425811042681174,0.0149384176797334,92.32280528635992,9.38440794435955,8.400886046757758,7.8428030183094,1.5327280899229805,0.0154766825525608,97.62767533785744,9.729050598317777,8.753759760867291,8.011143782964071,IDDQ,,40.0,0.0356452760670293,0.0346381535147701,-0.1441937442070959,0.1,0.1493841767973349,0.0263426780991753,-0.2121572978971014,,,0.0214917376460504,0.0012170530553112,18.0,0.5213559969088639,0.0189916790697467,-0.0065895996842056,15.0,0.5600590697838506,0.0202155083310341,-0.0167995771762834,15.0,0.52285353455396,0.018714926751401,-0.0107096252729834,NOT_APPLICABLE
C00200,0.685430463576159,PASS,,A_OK,PASS,2.098941085229872,0.0183485445418646,91.66170354139427,9.32063103100777,7.431650075320829,7.429189241997922,2.250185340532485,0.018911260801368,96.4555336246141,9.61688255015657,7.8085455923309,7.619102105412091,IDDQ,,40.0,0.0524735271307467,0.0354755725146144,0.2588163146806355,0.1,0.1834854454186464,0.0191371107456477,-0.0254675363338656,,,0.0188940818526485,-0.0034181151740474,18.0,0.5178128350559872,0.0294169135672788,-0.0233330800234095,15.0,0.4954433383547219,0.0283872994997762,-0.1371457715568664,15.0,0.4952792827998615,0.0272802741627578,-0.0706964025615309,NOT_APPLICABLE
C00201,0.3983443708609271,PASS,,A_OK,PASS,1.962460366404699,0.0156302911233775,84.56323910807777,9.071868730548683,8.655520391970528,8.064033262917492,2.102943990471955,0.0162747291961693,88.85044111990537,9.533104303617453,9.186351616098497,8.35399172797935,IDDQ,,40.0,0.0490615091601174,0.0326651699891699,0.1801666493300027,0.1,0.1563029112337751,0.0333393576211499,-0.1812498308479255,,,0.0174883632303676,-0.0793251860435927,18.0,0.5039927072527046,0.0269711441553135,-0.0471358710744895,15.0,0.5770346927980352,0.0265798080121223,0.0067215144281786,15.0,0.5376022175278329,0.0245980353461349,0.0113557262757377,NOT_APPLICABLE
C00202,0.4480132450331126,PASS,,A_OK,PASS,1.3748387023609725,0.0117819323413522,87.95360955100548,10.187434630848706,7.982208594914074,7.815221141977357,1.439284485270724,0.0120945789755254,91.60840854438165,10.784310216777255,8.33388893555616,8.081442164609523,Propagation_Delay,,40.0,0.0343709675590243,0.0286204785785957,-0.1699608915909934,0.1,0.1178193234135221,0.0336841850633633,-0.3830414896208287,,,0.0190335082353933,-0.0438648014728176,18.0,0.5659685906027059,0.023448768799426,0.0737203610534751,15.0,0.5321472396609382,0.0207320837446556,-0.0662724116897887,15.0,0.5210147427984905,0.0195472453796648,-0.0149935781826545,NOT_APPLICABLE
C00203,0.678476821192053,PASS,,A_OK,PASS,1.8509040571994544,0.0166929940309573,93.44570057961596,9.106535278060266,8.764458182463967,8.30452009115105,1.9059904815372344,0.0183351500765144,97.77678920224564,9.463495843531136,9.241628473509255,8.60147674168287,Input_Leakage_Current,,40.0,0.0462726014299863,0.0338351727725056,0.1118202410469066,0.1,0.1669299403095736,0.0551829349530571,-0.1436845381471758,,,0.0208543715166487,0.0140272720293703,18.0,0.5059186265589036,0.0179234172294219,-0.034992851320684,15.0,0.5842972121642644,0.0192174998617857,0.0267556118439593,15.0,0.5536346727434033,0.0170990403261186,0.0491955541363378,NOT_APPLICABLE
C00204,0.3605960264900662,PASS,,A_OK,PASS,1.644269565089961,0.0195520332696694,88.1501054639579,9.944516721553612,8.427994389922459,7.960179813643783,1.7225922013260675,0.0211112031113913,93.33931231123252,10.456616285400813,8.807746633071948,8.207911741383644,Propagation_Delay,,40.0,0.041106739127249,0.0250066640006489,-0.0037959531568512,0.1,0.1955203326966941,0.0384551343567778,0.0191344826652954,,,0.016641137997756,-0.0394736996611628,18.0,0.552473151197423,0.0280871894993353,0.0433888617810713,15.0,0.5618662926614972,0.025423335979116,-0.0186364460503647,15.0,0.5306786542429188,0.0245159868046071,-0.0015891668856531,NOT_APPLICABLE
C00205,0.3079470198675497,PASS,,A_OK,PASS,1.3265448967193905,0.0150153068895043,93.98344871228954,9.36982625806206,9.390255045530052,8.618462305912255,1.4253784600207111,0.0156332104115712,98.41743019296844,9.76733578566096,9.828547357757683,9.214117569149726,Output_Rise_Time,,40.0,0.0331636224179847,0.0249676423446746,-0.1962633537595461,0.1,0.1501530688950431,0.0339696246732072,-0.2139435438036212,,,0.0125262255439479,0.0282511420396318,18.0,0.5205459032256701,0.0249306991865663,-0.0138806107721151,15.0,0.6260170030353368,0.0260869282403417,0.0927029536228218,15.0,0.5745641537274836,0.025639286126736,0.079792445835392,NOT_APPLICABLE
C00206,0.1698675496688741,PASS,,A_OK,PASS,1.794106055162275,0.018733422054531,94.32569249654718,8.937673756822313,8.222752378085769,7.392966534696055,1.878754576454716,0.0195718218047393,99.0409625541557,9.336649165023918,8.57762285433413,7.671522937715162,IDDQ,,40.0,0.0448526513790568,0.0297384281302139,0.0819897936212461,0.1,0.1873342205453104,0.0306680267677729,-0.016157406154429,,,0.0146103407675679,0.0298757257491952,18.0,0.496537430934573,0.0134366049272089,-0.0486937001390471,15.0,0.5481834918723846,0.0128318535277331,-0.0306318541169822,15.0,0.4928644356464036,0.0103052883217793,-0.0596895554072087,NOT_APPLICABLE
C00207,0.3615894039735099,PASS,,A_OK,PASS,1.5606872560260312,0.0218675854880406,93.74309147293232,9.174547817479455,7.954382342518873,7.235759418655612,1.674317911855168,0.0229671836565993,97.61461713262575,9.5033967111509,8.343390159758702,7.4448335009442275,IDDQ,,40.0,0.0390171814006507,0.0362454873627288,-0.064690804478138,0.1,0.2186758548804064,0.0379526052800763,0.1403826896533058,,,0.0182045081677459,0.0199018040332328,18.0,0.5096971009710809,0.0180552330761703,-0.0279115355451622,15.0,0.5302921561679248,0.0159780013808248,-0.0651734425584155,15.0,0.4823839612437074,0.0134857784638613,-0.0825728132571496,NOT_APPLICABLE
C00208,0.5096026490066226,PASS,,A_OK,PASS,1.7944770640618253,0.0267536701776908,96.57560335964672,8.7251757452057,8.694216824097879,7.638767449815315,1.876916888877232,0.0521512762182014,101.66223072424415,8.966134646489186,9.003685325505227,7.854507996041185,Active_Supply_Current,,40.0,0.0448619266015456,0.0302813367486013,0.0816432673453324,0.1,0.2675367017769087,0.0271700137330442,0.4098351782186256,,,0.0211347656182496,0.0477036852899135,18.0,0.4847319858447611,0.0107788847511351,-0.0688696468030877,15.0,0.5796144549398586,0.0118017109074925,0.0259919214306323,15.0,0.509251163321021,0.0101837997787969,-0.0283093240675836,NOT_APPLICABLE
C00209,0.6347682119205299,PASS,,A_OK,PASS,1.8976966350290496,0.0262823488645602,88.33778898374969,9.466603073318597,8.096576294859194,8.163997700265634,1.9851929860040805,0.0279735340941388,92.63172238558616,9.828487612613449,8.46791969992657,8.464216139449267,Active_Supply_Current,,40.0,0.0474424158757262,0.0324212707498164,0.141489224616407,0.1,0.2628234886456028,0.035839233222728,0.3734065874583885,,,0.0250067526214436,-0.0452846560853593,18.0,0.5259223929621442,0.0122666231230761,0.0087689639287926,15.0,0.5397717529906129,0.0115790185332415,-0.0443244315918281,15.0,0.5442665133510423,0.0090926766432596,0.0396256006599791,NOT_APPLICABLE
C00210,0.6973509933774834,PASS,,A_OK,PASS,1.5503196514726068,0.0211632387274256,94.08334893767189,10.527240758670048,8.876254934242697,8.176242427671632,1.6338431947359018,0.0290492482235358,98.34883827453348,11.214857353085456,9.235828120458896,8.562084821670638,Input_Leakage_Current,B_WIDE_ENVELOPE:Input_Leakage_Current,40.0,0.0387579912868151,0.0252229905954237,-0.0609150343033066,0.1,0.2116323872742562,0.0519553995141475,0.0889604590110693,,,0.0152285546096731,0.0266042254552456,18.0,0.5848467088150026,0.018318652707309,0.1151243984541012,15.0,0.5917503289495131,0.0163928062436852,0.0427424843926145,15.0,0.5450828285114421,0.0154553569545924,0.0346609800869051,NOT_APPLICABLE
C00211,0.433112582781457,PASS,,A_OK,PASS,1.698139079866115,0.0207251160779829,92.20417570538444,9.942000912354365,8.61339512866314,8.17352817823638,1.7709593432708253,0.0221463476711041,97.16074319812948,10.405202797109794,9.004314984781189,8.343632188828973,Output_Rise_Time,,40.0,0.0424534769966528,0.0267166801592761,0.0271281013868813,0.1,0.2072511607798294,0.0405219438690099,0.0781347262442826,,,0.0241797522610762,-0.0026938254807687,18.0,0.5523333840196869,0.0317421977595323,0.0394295683442489,15.0,0.574226341910876,0.0313590527046805,-0.0028204366945603,15.0,0.544901878549092,0.0314218427270252,0.0183061950780416,NOT_APPLICABLE
C00212,0.4062913907284768,PASS,,A_OK,PASS,1.7797556630431568,0.0246200736927638,93.18641338753724,9.376574785189137,7.951869782887317,7.650401893309834,1.8335480269915343,0.0276703011205654,97.67253193380616,9.655195212115698,8.279082537423443,7.898339115295553,Input_Leakage_Current,,40.0,0.0444938915760789,0.0331414965676166,0.0697998934959565,0.1,0.2462007369276385,0.0547542495400501,0.2634712712116702,,,0.020025442919638,0.0120353812114277,18.0,0.5209208213993964,0.0166350796739047,-0.0051179571189265,15.0,0.5301246521924878,0.0160702969226975,-0.0655536161475389,15.0,0.5100267928873223,0.0145162209717512,-0.0309852205038122,NOT_APPLICABLE
C00213,0.4589403973509934,PASS,,A_OK,PASS,1.7348089331168834,0.020565677041291,87.15116460757427,9.385224924277772,8.660557287574706,8.072154008035204,1.8048766328605876,0.0218245647885797,89.38808738322479,9.762091587521946,9.027703322623845,8.346279512984717,Output_Rise_Time,,40.0,0.043370223327922,0.0261899098846183,0.0498466869635014,0.1,0.2056567704129104,0.0371514973670404,0.0733172751630624,,,0.0154824882306311,-0.0492751176436248,18.0,0.5214013846820985,0.0260381047620226,-0.0133260615946542,15.0,0.5773704858383137,0.0273737494160249,0.0065289202073068,15.0,0.5381436005356802,0.0274922777937855,0.0095225367559894,NOT_APPLICABLE
C00214,0.916456,MONITOR,Input_Leakage_Current,A_STATIC_LIMIT_EXCEEDED:Input_Leakage_Current|A_LOT_RELATIVE_DEVIATION,CONFIRMED,1.4063120585597992,0.0241938964043683,97.76947551836398,9.583744559083202,8.619288109915924,8.336975905975162,1.4978096737337747,0.0601884953329521,102.1778904334739,9.859148136984468,9.105132056248005,8.532831308230486,Input_Leakage_Current,B_HIGH_FORECAST_DRIFT:Input_Leakage_Current|B_WIDE_ENVELOPE:Input_Leakage_Current,40.0,0.0351578014639949,0.0281283943626318,-0.1505529360804959,0.1,0.2419389640436831,0.1683921574524709,0.1208422420092558,,,0.0292457210473318,0.0522969683011649,18.0,0.5324302532824001,0.0096515270473196,0.0238967979773894,15.0,0.5746192073277283,0.0100835180617643,0.0188799052049573,15.0,0.5557983937316775,0.0077762188754556,0.0630399514781745,SAME_PARAMETER_DRIFT_SUPPORT
C00215,0.8652317880794702,MONITOR,Output_Fall_Time,A_LOT_RELATIVE_DEVIATION,MONITOR,1.6189651138421253,0.0167392645857356,95.22252903271595,9.3327277500655,7.808012963464554,6.793147142739615,1.7049953168335112,0.0181472640155318,99.30824898949972,9.622200626547366,8.197464037078076,7.040129313999224,Input_Leakage_Current,,40.0,0.0404741278460531,0.0291316737462314,-0.0230585911968042,0.1,0.1673926458573562,0.0412580608195836,-0.1298276002056889,,,0.0166674044236942,0.0375640505409795,18.0,0.5184848750036388,0.0156208358048618,-0.008781368744083,15.0,0.5205341975643036,0.0127676168435315,-0.0794664889339218,15.0,0.452876476182641,0.0109442641041179,-0.1365266160074479,NO_MATCHING_DRIFT_CODE
C00216,0.2940397350993378,PASS,,A_OK,PASS,1.5665931982374997,0.0247167965812382,92.57710763682417,9.636302540444987,8.685798443953471,8.23617415988419,1.6544539047999929,0.0266354728081755,96.601464835561,9.987424470033504,9.099173971566907,8.461228449670358,Output_Rise_Time,,40.0,0.0391648299559374,0.033022575615853,-0.058222313994414,0.1,0.2471679658123823,0.0197960383396555,0.3119164253430404,,,0.0197618421156023,0.0056780115676757,18.0,0.5353501411358326,0.0294323963661394,0.0097295281041067,15.0,0.5790532295968981,0.0295376590588403,0.0073407293255385,15.0,0.5490782773256127,0.0287359443160591,0.0287900448017333,NOT_APPLICABLE
C00217,0.0447019867549668,PASS,,A_OK,PASS,1.8638536770885767,0.019851301454393,92.51675837660096,9.85450236676861,8.709665357169944,8.104405310430717,1.9427915976239865,0.0272839133303783,96.54054454892535,10.212044952719072,9.078443296169487,8.400462770734991,Input_Leakage_Current,B_WIDE_ENVELOPE:Input_Leakage_Current|B_NO_EARLY_SIGNAL:Input_Leakage_Current,40.0,0.0465963419272144,0.0282048567122538,0.1257297312403065,0.1,0.19851301454393,0.0387912848975933,0.0343987658664644,,,0.0197401627845481,0.0050437955872852,18.0,0.5474723537093672,0.0141621822176242,0.0481410925848488,15.0,0.580644357144663,0.013506376569665,0.026086248420396,15.0,0.5402936873620479,0.011244707162436,0.0298406656844936,NOT_APPLICABLE
