component_id,lot_id_A,device_variant_A,disposition_A,risk_A,driving_parameter_A,n_params_flagged_A,confidence_A,reason_code_A,reason_text_A,disposition_B,risk_B,driving_parameter_B,driving_headroom_frac,n_params_flagged_B,confidence_B,extrapolation_flag,reason_code_B,reason_text_B,final_decision
C0218,L005,CMOS_A,MONITOR,0.3040598236800932,IDDQ_24h,1,MEDIUM,A_CROSS_SECTIONAL_EXTREME,Measurement is strongly unusual relative to the component's lot peers.,PASS,0.0039,Output_Fall_Time_ns,0.9961,0,NOMINAL,False,B_OK,All six parameters are predicted to stay within limits with margin.,MONITOR
C0219,L005,CMOS_A,PASS,0.2124359954019384,Propagation_Delay_24h,0,LOW,A_NO_STRONG_EVIDENCE,No strong lot-relative anomaly evidence detected.,PASS,0.019,Output_Rise_Time_ns,0.981,0,NOMINAL,False,B_OK,All six parameters are predicted to stay within limits with margin.,PASS
C0220,L005,CMOS_A,PASS,0.1083829456656613,Propagation_Delay_0h,0,LOW,A_NO_STRONG_EVIDENCE,No strong lot-relative anomaly evidence detected.,PASS,0.0355,Output_Rise_Time_ns,0.9645,0,NOMINAL,False,B_OK,All six parameters are predicted to stay within limits with margin.,PASS
C0221,L005,CMOS_A,PASS,0.2238544435034021,Supply_Current_24h,0,LOW,A_NO_STRONG_EVIDENCE,No strong lot-relative anomaly evidence detected.,PASS,0.0261,Output_Rise_Time_ns,0.9739,0,NOMINAL,False,B_OK,All six parameters are predicted to stay within limits with margin.,PASS
C0222,L005,CMOS_A,PASS,0.1564296137614187,Output_Rise_Time_168h,0,LOW,A_NO_STRONG_EVIDENCE,No strong lot-relative anomaly evidence detected.,PASS,0.0162,Output_Fall_Time_ns,0.9838,0,NOMINAL,False,B_OK,All six parameters are predicted to stay within limits with margin.,PASS
C0223,L005,CMOS_A,PASS,0.1618569217354299,Output_Rise_Time_168h,0,LOW,A_NO_STRONG_EVIDENCE,No strong lot-relative anomaly evidence detected.,PASS,0.1241,Supply_Current_ICC_uA,0.8759,0,NOMINAL,False,B_OK,All six parameters are predicted to stay within limits with margin.,PASS
C0224,L005,CMOS_A,PASS,0.2745406766637591,Output_Fall_Time_0h,0,LOW,A_NO_STRONG_EVIDENCE,No strong lot-relative anomaly evidence detected.,PASS,0.1418,Supply_Current_ICC_uA,0.8582,0,NOMINAL,False,B_OK,All six parameters are predicted to stay within limits with margin.,PASS
C0225,L005,CMOS_A,PASS,0.1573266117907897,Propagation_Delay_24h,0,LOW,A_NO_STRONG_EVIDENCE,No strong lot-relative anomaly evidence detected.,PASS,0.0697,Supply_Current_ICC_uA,0.9303,0,NOMINAL,False,B_OK,All six parameters are predicted to stay within limits with margin.,PASS
C0226,L005,CMOS_A,PASS,0.1921793326953201,Output_Rise_Time_0h,0,LOW,A_NO_STRONG_EVIDENCE,No strong lot-relative anomaly evidence detected.,MONITOR,0.0751,Output_Rise_Time_ns,0.9249,1,LOW,True,B_UNCERTAIN_EXTRAPOLATION,"Predicted 168 h Output_Rise_Time_ns is within limits, but the 0 h input lies outside the training envelope.",MONITOR
C0227,L005,CMOS_A,PASS,0.1904668160018649,IDDQ_96h,0,LOW,A_NO_STRONG_EVIDENCE,No strong lot-relative anomaly evidence detected.,PASS,0.0136,IDDQ_uA,0.9864,0,NOMINAL,False,B_OK,All six parameters are predicted to stay within limits with margin.,PASS
C0228,L005,CMOS_A,MONITOR,0.3098734057970411,Output_Fall_Time_96h,1,MEDIUM,A_CROSS_SECTIONAL_EXTREME,Measurement is strongly unusual relative to the component's lot peers.,MONITOR,0.0857,Output_Rise_Time_ns,0.9143,1,LOW,True,B_UNCERTAIN_EXTRAPOLATION,"Predicted 168 h Output_Rise_Time_ns is within limits, but the 0 h input lies outside the training envelope.",MONITOR
C0229,L005,CMOS_A,PASS,0.2385808620854091,Output_Fall_Time_0h,0,LOW,A_NO_STRONG_EVIDENCE,No strong lot-relative anomaly evidence detected.,PASS,0.064,Output_Fall_Time_ns,0.936,0,NOMINAL,False,B_OK,All six parameters are predicted to stay within limits with margin.,PASS
C0230,L005,CMOS_A,PASS,0.2667889295811025,Output_Fall_Time_96h,0,LOW,A_NO_STRONG_EVIDENCE,No strong lot-relative anomaly evidence detected.,PASS,0.0312,Supply_Current_ICC_uA,0.9688,0,NOMINAL,False,B_OK,All six parameters are predicted to stay within limits with margin.,PASS
C0231,L005,CMOS_A,PASS,0.2792575299726514,Output_Fall_Time_0h,0,LOW,A_NO_STRONG_EVIDENCE,No strong lot-relative anomaly evidence detected.,MONITOR,0.1516,Output_Rise_Time_ns,0.9206,1,LOW,True,B_UNCERTAIN_EXTRAPOLATION,"Predicted 168 h Output_Rise_Time_ns is within limits, but the 0 h input lies outside the training envelope.",MONITOR
C0232,L005,CMOS_A,PASS,0.2086236162994449,Input_Leakage_168h,0,LOW,A_NO_STRONG_EVIDENCE,No strong lot-relative anomaly evidence detected.,PASS,0.0331,Propagation_Delay_ns,0.9669,0,NOMINAL,False,B_OK,All six parameters are predicted to stay within limits with margin.,PASS
C0233,L005,CMOS_A,PASS,0.1669474363966937,Output_Fall_Time_0h,0,LOW,A_NO_STRONG_EVIDENCE,No strong lot-relative anomaly evidence detected.,PASS,0.0551,Output_Fall_Time_ns,0.9449,0,NOMINAL,False,B_OK,All six parameters are predicted to stay within limits with margin.,PASS
C0234,L005,CMOS_A,PASS,0.2063196769394695,Output_Fall_Time_0h,0,LOW,A_NO_STRONG_EVIDENCE,No strong lot-relative anomaly evidence detected.,PASS,0.0696,Output_Fall_Time_ns,0.9304,0,NOMINAL,False,B_OK,All six parameters are predicted to stay within limits with margin.,PASS
C0235,L005,CMOS_A,PASS,0.2535507953537873,Output_Fall_Time_168h,0,LOW,A_NO_STRONG_EVIDENCE,No strong lot-relative anomaly evidence detected.,PASS,0.2057,Supply_Current_ICC_uA,0.7943,0,NOMINAL,False,B_OK,All six parameters are predicted to stay within limits with margin.,PASS
C0236,L005,CMOS_A,MONITOR,0.3856352601616171,Output_Fall_Time_0h,1,MEDIUM,A_TEMPORAL_EXTREME,Temporal change is strongly unusual relative to the component's lot peers.,PASS,0.0819,Output_Fall_Time_ns,0.9181,0,NOMINAL,False,B_OK,All six parameters are predicted to stay within limits with margin.,MONITOR
C0237,L005,CMOS_A,PASS,0.1095601041503844,Output_Rise_Time_0h,0,LOW,A_NO_STRONG_EVIDENCE,No strong lot-relative anomaly evidence detected.,PASS,0.0677,Supply_Current_ICC_uA,0.9323,0,NOMINAL,False,B_OK,All six parameters are predicted to stay within limits with margin.,PASS
C0238,L005,CMOS_A,PASS,0.1718844178492402,Output_Fall_Time_24h,0,LOW,A_NO_STRONG_EVIDENCE,No strong lot-relative anomaly evidence detected.,PASS,0.0073,Input_Leakage_Current_uA,0.9927,0,NOMINAL,False,B_OK,All six parameters are predicted to stay within limits with margin.,PASS
C0239,L005,CMOS_A,PASS,0.1464221599524182,Output_Rise_Time_168h,0,LOW,A_NO_STRONG_EVIDENCE,No strong lot-relative anomaly evidence detected.,PASS,0.0565,Output_Rise_Time_ns,0.9435,0,NOMINAL,False,B_OK,All six parameters are predicted to stay within limits with margin.,PASS
C0240,L005,CMOS_A,PASS,0.1862510216718487,Supply_Current_0h,0,LOW,A_NO_STRONG_EVIDENCE,No strong lot-relative anomaly evidence detected.,PASS,0.0343,Output_Rise_Time_ns,0.9657,0,NOMINAL,False,B_OK,All six parameters are predicted to stay within limits with margin.,PASS
C0241,L005,CMOS_A,PASS,0.2025546993324025,Output_Rise_Time_0h,0,LOW,A_NO_STRONG_EVIDENCE,No strong lot-relative anomaly evidence detected.,PASS,0.034,Supply_Current_ICC_uA,0.966,0,NOMINAL,False,B_OK,All six parameters are predicted to stay within limits with margin.,PASS
C0242,L005,CMOS_A,PASS,0.1840185973177259,Output_Fall_Time_24h,0,LOW,A_NO_STRONG_EVIDENCE,No strong lot-relative anomaly evidence detected.,MONITOR,0.0573,Output_Rise_Time_ns,0.9427,1,LOW,True,B_UNCERTAIN_EXTRAPOLATION,"Predicted 168 h Output_Rise_Time_ns is within limits, but the 0 h input lies outside the training envelope.",MONITOR
C0243,L005,CMOS_A,PASS,0.2730761890170031,IDDQ_0h,0,LOW,A_NO_STRONG_EVIDENCE,No strong lot-relative anomaly evidence detected.,PASS,0.1642,Supply_Current_ICC_uA,0.8358,0,NOMINAL,False,B_OK,All six parameters are predicted to stay within limits with margin.,PASS
C0244,L005,CMOS_A,PASS,0.2921314144662886,Input_Leakage_168h,0,LOW,A_NO_STRONG_EVIDENCE,No strong lot-relative anomaly evidence detected.,PASS,0.1663,Supply_Current_ICC_uA,0.8337,0,NOMINAL,False,B_OK,All six parameters are predicted to stay within limits with margin.,PASS
C0245,L005,CMOS_A,PASS,0.1511044232699193,Output_Fall_Time_0h,0,LOW,A_NO_STRONG_EVIDENCE,No strong lot-relative anomaly evidence detected.,PASS,0.0,IDDQ_uA,1.0002,0,NOMINAL,False,B_OK,All six parameters are predicted to stay within limits with margin.,PASS
C0246,L005,CMOS_A,PASS,0.1866344588677979,Propagation_Delay_24h,0,LOW,A_NO_STRONG_EVIDENCE,No strong lot-relative anomaly evidence detected.,PASS,0.0668,Supply_Current_ICC_uA,0.9332,0,NOMINAL,False,B_OK,All six parameters are predicted to stay within limits with margin.,PASS
C0247,L005,CMOS_A,PASS,0.1128359414829609,Input_Leakage_24h,0,LOW,A_NO_STRONG_EVIDENCE,No strong lot-relative anomaly evidence detected.,PASS,0.1281,Supply_Current_ICC_uA,0.8719,0,NOMINAL,False,B_OK,All six parameters are predicted to stay within limits with margin.,PASS
C0248,L005,CMOS_A,PASS,0.2677378403862908,Output_Fall_Time_0h,0,LOW,A_NO_STRONG_EVIDENCE,No strong lot-relative anomaly evidence detected.,PASS,0.0,Input_Leakage_Current_uA,1.0014,0,NOMINAL,False,B_OK,All six parameters are predicted to stay within limits with margin.,PASS
C0249,L005,CMOS_A,PASS,0.156641604010025,Input_Leakage_168h,0,LOW,A_NO_STRONG_EVIDENCE,No strong lot-relative anomaly evidence detected.,PASS,0.0462,Output_Rise_Time_ns,0.9538,0,NOMINAL,False,B_OK,All six parameters are predicted to stay within limits with margin.,PASS
C0250,L005,CMOS_A,PASS,0.2116324068445215,Supply_Current_168h,0,LOW,A_NO_STRONG_EVIDENCE,No strong lot-relative anomaly evidence detected.,PASS,0.2321,Supply_Current_ICC_uA,0.7679,0,NOMINAL,False,B_OK,All six parameters are predicted to stay within limits with margin.,PASS
C0251,L005,CMOS_A,PASS,0.2642208400777936,Output_Fall_Time_0h,0,LOW,A_NO_STRONG_EVIDENCE,No strong lot-relative anomaly evidence detected.,PASS,0.0033,IDDQ_uA,0.9967,0,NOMINAL,False,B_OK,All six parameters are predicted to stay within limits with margin.,PASS
C0252,L005,CMOS_A,PASS,0.2664987934109745,Input_Leakage_96h,0,LOW,A_NO_STRONG_EVIDENCE,No strong lot-relative anomaly evidence detected.,MONITOR,0.04,Output_Rise_Time_ns,0.96,1,LOW,True,B_UNCERTAIN_EXTRAPOLATION,"Predicted 168 h Output_Rise_Time_ns is within limits, but the 0 h input lies outside the training envelope.",MONITOR
C0253,L005,CMOS_A,PASS,0.2122777402245425,Input_Leakage_24h,0,LOW,A_NO_STRONG_EVIDENCE,No strong lot-relative anomaly evidence detected.,PASS,0.0673,Supply_Current_ICC_uA,0.9327,0,NOMINAL,False,B_OK,All six parameters are predicted to stay within limits with margin.,PASS
C0254,L005,CMOS_A,PASS,0.2828451625086082,Output_Fall_Time_0h,0,LOW,A_NO_STRONG_EVIDENCE,No strong lot-relative anomaly evidence detected.,PASS,0.0518,Output_Fall_Time_ns,0.9482,0,NOMINAL,False,B_OK,All six parameters are predicted to stay within limits with margin.,PASS
C0255,L005,CMOS_A,PASS,0.2273190248467866,Input_Leakage_24h,0,LOW,A_NO_STRONG_EVIDENCE,No strong lot-relative anomaly evidence detected.,PASS,0.1684,Supply_Current_ICC_uA,0.8316,0,NOMINAL,False,B_OK,All six parameters are predicted to stay within limits with margin.,PASS
C0256,L005,CMOS_A,PASS,0.2394316215246443,IDDQ_0h,0,LOW,A_NO_STRONG_EVIDENCE,No strong lot-relative anomaly evidence detected.,PASS,0.1598,Supply_Current_ICC_uA,0.8402,0,NOMINAL,False,B_OK,All six parameters are predicted to stay within limits with margin.,PASS
C0257,L005,CMOS_A,PASS,0.2878567145529879,Input_Leakage_24h,0,LOW,A_NO_STRONG_EVIDENCE,No strong lot-relative anomaly evidence detected.,PASS,0.0321,Propagation_Delay_ns,0.9679,0,NOMINAL,False,B_OK,All six parameters are predicted to stay within limits with margin.,PASS
C0258,L005,CMOS_A,PASS,0.1796035789398511,IDDQ_24h,0,LOW,A_NO_STRONG_EVIDENCE,No strong lot-relative anomaly evidence detected.,MONITOR,0.0775,Output_Rise_Time_ns,0.9225,1,LOW,True,B_UNCERTAIN_EXTRAPOLATION,"Predicted 168 h Output_Rise_Time_ns is within limits, but the 0 h input lies outside the training envelope.",MONITOR
C0259,L005,CMOS_A,PASS,0.2054705477617337,Output_Rise_Time_168h,0,LOW,A_NO_STRONG_EVIDENCE,No strong lot-relative anomaly evidence detected.,PASS,0.0082,Input_Leakage_Current_uA,0.9918,0,NOMINAL,False,B_OK,All six parameters are predicted to stay within limits with margin.,PASS
C0260,L005,CMOS_A,REJECT,1.0,IDDQ_96h,13,HIGH,A_CROSS_TEMP_EXTREME,Strong lot-relative evidence in both measurement level and temporal change.,MONITOR,0.9448,Supply_Current_ICC_uA,0.0552,3,LOW,True,B_MARGIN_LOW,Predicted 168 h Supply_Current_ICC_uA leaves only 5.5% of the headroom between the lot baseline and the 700.0 uA limit.,REJECT
C0261,L005,CMOS_A,PASS,0.2178604442146225,Supply_Current_168h,0,LOW,A_NO_STRONG_EVIDENCE,No strong lot-relative anomaly evidence detected.,PASS,0.0204,Output_Fall_Time_ns,0.9796,0,NOMINAL,False,B_OK,All six parameters are predicted to stay within limits with margin.,PASS
C0262,L005,CMOS_A,PASS,0.1928061021001973,Output_Fall_Time_0h,0,LOW,A_NO_STRONG_EVIDENCE,No strong lot-relative anomaly evidence detected.,PASS,0.065,Supply_Current_ICC_uA,0.935,0,NOMINAL,False,B_OK,All six parameters are predicted to stay within limits with margin.,PASS
C0263,L005,CMOS_A,REJECT,1.0,Output_Rise_Time_168h,11,HIGH,A_CROSS_TEMP_EXTREME,Strong lot-relative evidence in both measurement level and temporal change.,PASS,0.1209,Supply_Current_ICC_uA,0.8791,0,NOMINAL,False,B_OK,All six parameters are predicted to stay within limits with margin.,REJECT
C0264,L005,CMOS_A,PASS,0.1366267593523726,Propagation_Delay_24h,0,LOW,A_NO_STRONG_EVIDENCE,No strong lot-relative anomaly evidence detected.,PASS,0.0091,Input_Leakage_Current_uA,0.9909,0,NOMINAL,False,B_OK,All six parameters are predicted to stay within limits with margin.,PASS
C0265,L005,CMOS_A,REJECT,0.408991211635215,Input_Leakage_96h,4,HIGH,A_CROSS_SECTIONAL_EXTREME,Measurement is strongly unusual relative to the component's lot peers.,PASS,0.1917,Supply_Current_ICC_uA,0.8083,0,NOMINAL,False,B_OK,All six parameters are predicted to stay within limits with margin.,REJECT
C0266,L005,CMOS_A,REJECT,0.3619829738291065,Output_Fall_Time_96h,2,HIGH,A_CROSS_SECTIONAL_EXTREME,Measurement is strongly unusual relative to the component's lot peers.,MONITOR,0.0997,Output_Rise_Time_ns,0.9529,1,LOW,True,B_UNCERTAIN_EXTRAPOLATION,"Predicted 168 h Output_Rise_Time_ns is within limits, but the 0 h input lies outside the training envelope.",REJECT
C0267,L005,CMOS_A,REJECT,0.4134878166983923,Input_Leakage_96h,4,HIGH,A_CROSS_SECTIONAL_EXTREME,Measurement is strongly unusual relative to the component's lot peers.,PASS,0.1196,Supply_Current_ICC_uA,0.8804,0,NOMINAL,False,B_OK,All six parameters are predicted to stay within limits with margin.,REJECT
C0268,L005,CMOS_A,PASS,0.2080550621981427,Output_Rise_Time_0h,0,LOW,A_NO_STRONG_EVIDENCE,No strong lot-relative anomaly evidence detected.,PASS,0.0333,Supply_Current_ICC_uA,0.9667,0,NOMINAL,False,B_OK,All six parameters are predicted to stay within limits with margin.,PASS
C0269,L005,CMOS_A,PASS,0.2240409335051177,Supply_Current_24h,0,LOW,A_NO_STRONG_EVIDENCE,No strong lot-relative anomaly evidence detected.,PASS,0.2551,Supply_Current_ICC_uA,0.7449,0,NOMINAL,False,B_OK,All six parameters are predicted to stay within limits with margin.,PASS
C0270,L005,CMOS_A,PASS,0.2510839472969098,Output_Fall_Time_0h,0,LOW,A_NO_STRONG_EVIDENCE,No strong lot-relative anomaly evidence detected.,PASS,0.099,Supply_Current_ICC_uA,0.901,0,NOMINAL,False,B_OK,All six parameters are predicted to stay within limits with margin.,PASS
C0271,L005,CMOS_A,PASS,0.1953371309857635,Propagation_Delay_96h,0,LOW,A_NO_STRONG_EVIDENCE,No strong lot-relative anomaly evidence detected.,PASS,0.0371,Output_Rise_Time_ns,0.9629,0,NOMINAL,False,B_OK,All six parameters are predicted to stay within limits with margin.,PASS
C0272,L005,CMOS_A,MONITOR,0.3212344891475797,Input_Leakage_24h,1,MEDIUM,A_TEMPORAL_EXTREME,Temporal change is strongly unusual relative to the component's lot peers.,PASS,0.0726,Supply_Current_ICC_uA,0.9274,0,NOMINAL,False,B_OK,All six parameters are predicted to stay within limits with margin.,MONITOR
C0273,L005,CMOS_A,PASS,0.1633011305409283,IDDQ_24h,0,LOW,A_NO_STRONG_EVIDENCE,No strong lot-relative anomaly evidence detected.,PASS,0.0956,Supply_Current_ICC_uA,0.9044,0,NOMINAL,False,B_OK,All six parameters are predicted to stay within limits with margin.,PASS
C0274,L006,CMOS_A,PASS,0.2026066236116623,IDDQ_24h,0,LOW,A_NO_STRONG_EVIDENCE,No strong lot-relative anomaly evidence detected.,MONITOR,0.1121,Output_Rise_Time_ns,0.9774,1,LOW,True,B_UNCERTAIN_EXTRAPOLATION,"Predicted 168 h Output_Rise_Time_ns is within limits, but the 0 h input lies outside the training envelope.",MONITOR
C0275,L006,CMOS_A,PASS,0.1724185253120907,Input_Leakage_24h,0,LOW,A_NO_STRONG_EVIDENCE,No strong lot-relative anomaly evidence detected.,MONITOR,0.158,Output_Rise_Time_ns,0.9857,1,LOW,True,B_UNCERTAIN_EXTRAPOLATION,"Predicted 168 h Output_Rise_Time_ns is within limits, but the 0 h input lies outside the training envelope.",MONITOR
C0276,L006,CMOS_A,PASS,0.2302862631816416,Output_Rise_Time_96h,0,LOW,A_NO_STRONG_EVIDENCE,No strong lot-relative anomaly evidence detected.,MONITOR,0.0589,Output_Rise_Time_ns,0.9411,1,LOW,True,B_UNCERTAIN_EXTRAPOLATION,"Predicted 168 h Output_Rise_Time_ns is within limits, but the 0 h input lies outside the training envelope.",MONITOR
C0277,L006,CMOS_A,PASS,0.2451722340348169,IDDQ_24h,0,LOW,A_NO_STRONG_EVIDENCE,No strong lot-relative anomaly evidence detected.,PASS,0.0335,Propagation_Delay_ns,0.9665,0,NOMINAL,False,B_OK,All six parameters are predicted to stay within limits with margin.,PASS
C0278,L006,CMOS_A,PASS,0.277702372597231,Output_Fall_Time_96h,0,LOW,A_NO_STRONG_EVIDENCE,No strong lot-relative anomaly evidence detected.,MONITOR,0.1698,Output_Rise_Time_ns,0.9595,1,LOW,True,B_UNCERTAIN_EXTRAPOLATION,"Predicted 168 h Output_Rise_Time_ns is within limits, but the 0 h input lies outside the training envelope.",MONITOR
C0279,L006,CMOS_A,PASS,0.2392636603719032,Supply_Current_24h,0,LOW,A_NO_STRONG_EVIDENCE,No strong lot-relative anomaly evidence detected.,PASS,0.2107,Supply_Current_ICC_uA,0.7893,0,NOMINAL,False,B_OK,All six parameters are predicted to stay within limits with margin.,PASS
C0280,L006,CMOS_A,REJECT,0.437866233628899,IDDQ_24h,4,HIGH,A_CROSS_SECTIONAL_EXTREME,Measurement is strongly unusual relative to the component's lot peers.,PASS,0.1622,Supply_Current_ICC_uA,0.8378,0,NOMINAL,False,B_OK,All six parameters are predicted to stay within limits with margin.,REJECT
C0281,L006,CMOS_A,PASS,0.1777472942992976,Input_Leakage_24h,0,LOW,A_NO_STRONG_EVIDENCE,No strong lot-relative anomaly evidence detected.,PASS,0.0108,Output_Fall_Time_ns,0.9892,0,NOMINAL,False,B_OK,All six parameters are predicted to stay within limits with margin.,PASS
C0282,L006,CMOS_A,PASS,0.1716422052426378,Output_Fall_Time_96h,0,LOW,A_NO_STRONG_EVIDENCE,No strong lot-relative anomaly evidence detected.,MONITOR,0.0513,Output_Rise_Time_ns,0.9879,1,LOW,True,B_UNCERTAIN_EXTRAPOLATION,"Predicted 168 h Output_Rise_Time_ns is within limits, but the 0 h input lies outside the training envelope.",MONITOR
C0283,L006,CMOS_A,PASS,0.1484679174981491,Output_Rise_Time_24h,0,LOW,A_NO_STRONG_EVIDENCE,No strong lot-relative anomaly evidence detected.,PASS,0.0214,Input_Leakage_Current_uA,0.9786,0,NOMINAL,False,B_OK,All six parameters are predicted to stay within limits with margin.,PASS
C0284,L006,CMOS_A,PASS,0.1451350797912219,Output_Fall_Time_168h,0,LOW,A_NO_STRONG_EVIDENCE,No strong lot-relative anomaly evidence detected.,MONITOR,0.0369,Output_Rise_Time_ns,0.969,1,LOW,True,B_UNCERTAIN_EXTRAPOLATION,"Predicted 168 h Output_Rise_Time_ns is within limits, but the 0 h input lies outside the training envelope.",MONITOR
C0285,L006,CMOS_A,PASS,0.208211340074073,Output_Fall_Time_96h,0,LOW,A_NO_STRONG_EVIDENCE,No strong lot-relative anomaly evidence detected.,PASS,0.0142,Input_Leakage_Current_uA,0.9858,0,NOMINAL,False,B_OK,All six parameters are predicted to stay within limits with margin.,PASS
C0286,L006,CMOS_A,PASS,0.2225880656840269,Supply_Current_96h,0,LOW,A_NO_STRONG_EVIDENCE,No strong lot-relative anomaly evidence detected.,PASS,0.0499,Output_Fall_Time_ns,0.9501,0,NOMINAL,False,B_OK,All six parameters are predicted to stay within limits with margin.,PASS
C0287,L006,CMOS_A,PASS,0.1748297000481897,IDDQ_0h,0,LOW,A_NO_STRONG_EVIDENCE,No strong lot-relative anomaly evidence detected.,MONITOR,0.135,Output_Rise_Time_ns,0.9603,1,LOW,True,B_UNCERTAIN_EXTRAPOLATION,"Predicted 168 h Output_Rise_Time_ns is within limits, but the 0 h input lies outside the training envelope.",MONITOR
C0288,L006,CMOS_A,PASS,0.2193688329594821,Input_Leakage_24h,0,LOW,A_NO_STRONG_EVIDENCE,No strong lot-relative anomaly evidence detected.,PASS,0.0556,Supply_Current_ICC_uA,0.9444,0,NOMINAL,False,B_OK,All six parameters are predicted to stay within limits with margin.,PASS
C0289,L006,CMOS_A,PASS,0.1198272072743895,Output_Rise_Time_96h,0,LOW,A_NO_STRONG_EVIDENCE,No strong lot-relative anomaly evidence detected.,MONITOR,0.0395,Output_Rise_Time_ns,0.9605,1,LOW,True,B_UNCERTAIN_EXTRAPOLATION,"Predicted 168 h Output_Rise_Time_ns is within limits, but the 0 h input lies outside the training envelope.",MONITOR
C0290,L006,CMOS_A,PASS,0.1928321248315584,Propagation_Delay_0h,0,LOW,A_NO_STRONG_EVIDENCE,No strong lot-relative anomaly evidence detected.,PASS,0.0369,Propagation_Delay_ns,0.9631,0,NOMINAL,False,B_OK,All six parameters are predicted to stay within limits with margin.,PASS
C0291,L006,CMOS_A,PASS,0.1898705086530637,Supply_Current_24h,0,LOW,A_NO_STRONG_EVIDENCE,No strong lot-relative anomaly evidence detected.,MONITOR,0.0344,Output_Rise_Time_ns,0.9656,1,LOW,True,B_UNCERTAIN_EXTRAPOLATION,"Predicted 168 h Output_Rise_Time_ns is within limits, but the 0 h input lies outside the training envelope.",MONITOR
C0292,L006,CMOS_A,MONITOR,0.3089584956398044,IDDQ_0h,1,MEDIUM,A_CROSS_SECTIONAL_EXTREME,Measurement is strongly unusual relative to the component's lot peers.,PASS,0.0821,Supply_Current_ICC_uA,0.9179,0,NOMINAL,False,B_OK,All six parameters are predicted to stay within limits with margin.,MONITOR
C0293,L006,CMOS_A,PASS,0.1737632015411966,IDDQ_0h,0,LOW,A_NO_STRONG_EVIDENCE,No strong lot-relative anomaly evidence detected.,MONITOR,0.0495,Output_Rise_Time_ns,0.9725,1,LOW,True,B_UNCERTAIN_EXTRAPOLATION,"Predicted 168 h Output_Rise_Time_ns is within limits, but the 0 h input lies outside the training envelope.",MONITOR
C0294,L006,CMOS_A,REJECT,1.0,Propagation_Delay_168h,9,HIGH,A_CROSS_TEMP_EXTREME,Strong lot-relative evidence in both measurement level and temporal change.,PASS,0.0455,Propagation_Delay_ns,0.9545,0,NOMINAL,False,B_OK,All six parameters are predicted to stay within limits with margin.,REJECT
C0295,L006,CMOS_A,MONITOR,0.3121030140544423,Output_Fall_Time_96h,1,MEDIUM,A_CROSS_SECTIONAL_EXTREME,Measurement is strongly unusual relative to the component's lot peers.,MONITOR,0.0898,Output_Rise_Time_ns,0.9354,1,LOW,True,B_UNCERTAIN_EXTRAPOLATION,"Predicted 168 h Output_Rise_Time_ns is within limits, but the 0 h input lies outside the training envelope.",MONITOR
C0296,L006,CMOS_A,PASS,0.2581105167477766,Output_Rise_Time_0h,0,LOW,A_NO_STRONG_EVIDENCE,No strong lot-relative anomaly evidence detected.,PASS,0.0715,Supply_Current_ICC_uA,0.9285,0,NOMINAL,False,B_OK,All six parameters are predicted to stay within limits with margin.,PASS
C0297,L006,CMOS_A,REJECT,0.3597001843582279,Output_Rise_Time_0h,5,HIGH,A_CROSS_SECTIONAL_EXTREME,Measurement is strongly unusual relative to the component's lot peers.,MONITOR,0.1268,Output_Rise_Time_ns,0.8778,1,LOW,True,B_UNCERTAIN_EXTRAPOLATION,"Predicted 168 h Output_Rise_Time_ns is within limits, but the 0 h input lies outside the training envelope.",REJECT
C0298,L006,CMOS_A,PASS,0.2209574149565857,Input_Leakage_0h,0,LOW,A_NO_STRONG_EVIDENCE,No strong lot-relative anomaly evidence detected.,MONITOR,0.1603,Output_Rise_Time_ns,0.9801,1,LOW,True,B_UNCERTAIN_EXTRAPOLATION,"Predicted 168 h Output_Rise_Time_ns is within limits, but the 0 h input lies outside the training envelope.",MONITOR
C0299,L006,CMOS_A,MONITOR,0.3443583147275973,IDDQ_0h,1,MEDIUM,A_TEMPORAL_EXTREME,Temporal change is strongly unusual relative to the component's lot peers.,MONITOR,0.0508,Output_Rise_Time_ns,0.9635,1,LOW,True,B_UNCERTAIN_EXTRAPOLATION,"Predicted 168 h Output_Rise_Time_ns is within limits, but the 0 h input lies outside the training envelope.",MONITOR
C0300,L006,CMOS_A,PASS,0.2945253670718777,IDDQ_24h,0,LOW,A_NO_STRONG_EVIDENCE,No strong lot-relative anomaly evidence detected.,PASS,0.0886,Supply_Current_ICC_uA,0.9114,0,NOMINAL,False,B_OK,All six parameters are predicted to stay within limits with margin.,PASS
C0301,L006,CMOS_A,REJECT,1.0,Propagation_Delay_96h,13,HIGH,A_CROSS_TEMP_EXTREME,Strong lot-relative evidence in both measurement level and temporal change.,MONITOR,0.6608,Propagation_Delay_ns,0.3392,3,LOW,True,B_UNCERTAIN_EXTRAPOLATION,"Predicted 168 h Propagation_Delay_ns is within limits, but the 0 h input lies outside the training envelope.",REJECT
C0302,L006,CMOS_A,PASS,0.1816412659253842,Supply_Current_24h,0,LOW,A_NO_STRONG_EVIDENCE,No strong lot-relative anomaly evidence detected.,PASS,0.0011,Output_Rise_Time_ns,0.9989,0,NOMINAL,False,B_OK,All six parameters are predicted to stay within limits with margin.,PASS
C0303,L006,CMOS_A,PASS,0.1954641231990142,Supply_Current_168h,0,LOW,A_NO_STRONG_EVIDENCE,No strong lot-relative anomaly evidence detected.,PASS,0.005,Output_Fall_Time_ns,0.995,0,NOMINAL,False,B_OK,All six parameters are predicted to stay within limits with margin.,PASS
C0304,L006,CMOS_A,REJECT,0.3068919581710526,Supply_Current_168h,2,HIGH,A_CROSS_SECTIONAL_EXTREME,Measurement is strongly unusual relative to the component's lot peers.,MONITOR,0.2476,Output_Rise_Time_ns,0.966,1,LOW,True,B_UNCERTAIN_EXTRAPOLATION,"Predicted 168 h Output_Rise_Time_ns is within limits, but the 0 h input lies outside the training envelope.",REJECT
C0305,L006,CMOS_A,PASS,0.2131084361418299,IDDQ_0h,0,LOW,A_NO_STRONG_EVIDENCE,No strong lot-relative anomaly evidence detected.,MONITOR,0.1339,Output_Rise_Time_ns,0.9743,1,LOW,True,B_UNCERTAIN_EXTRAPOLATION,"Predicted 168 h Output_Rise_Time_ns is within limits, but the 0 h input lies outside the training envelope.",MONITOR
C0306,L006,CMOS_A,PASS,0.0971267661213019,Output_Rise_Time_0h,0,LOW,A_NO_STRONG_EVIDENCE,No strong lot-relative anomaly evidence detected.,MONITOR,0.0868,Output_Rise_Time_ns,0.9527,1,LOW,True,B_UNCERTAIN_EXTRAPOLATION,"Predicted 168 h Output_Rise_Time_ns is within limits, but the 0 h input lies outside the training envelope.",MONITOR
C0307,L006,CMOS_A,PASS,0.1432197911356147,Input_Leakage_24h,0,LOW,A_NO_STRONG_EVIDENCE,No strong lot-relative anomaly evidence detected.,PASS,0.1017,Supply_Current_ICC_uA,0.8983,0,NOMINAL,False,B_OK,All six parameters are predicted to stay within limits with margin.,PASS
C0308,L006,CMOS_A,PASS,0.1024886041827457,Output_Fall_Time_96h,0,LOW,A_NO_STRONG_EVIDENCE,No strong lot-relative anomaly evidence detected.,PASS,0.0873,Supply_Current_ICC_uA,0.9127,0,NOMINAL,False,B_OK,All six parameters are predicted to stay within limits with margin.,PASS
C0309,L006,CMOS_A,PASS,0.2073607769433311,Propagation_Delay_0h,0,LOW,A_NO_STRONG_EVIDENCE,No strong lot-relative anomaly evidence detected.,MONITOR,0.0589,Output_Rise_Time_ns,0.9548,1,LOW,True,B_UNCERTAIN_EXTRAPOLATION,"Predicted 168 h Output_Rise_Time_ns is within limits, but the 0 h input lies outside the training envelope.",MONITOR
C0310,L006,CMOS_A,REJECT,1.0,IDDQ_0h,13,HIGH,A_CROSS_TEMP_EXTREME,Strong lot-relative evidence in both measurement level and temporal change.,REJECT,1.0,Supply_Current_ICC_uA,-0.1901,3,LOW,True,B_LIMIT_CROSS_PREDICTED,Predicted 168 h Supply_Current_ICC_uA of 768.561 uA exceeds the 700.0 uA limit for CMOS_A.,REJECT
C0311,L006,CMOS_A,PASS,0.1926273257198227,IDDQ_168h,0,LOW,A_NO_STRONG_EVIDENCE,No strong lot-relative anomaly evidence detected.,MONITOR,0.0225,Output_Rise_Time_ns,0.9837,1,LOW,True,B_UNCERTAIN_EXTRAPOLATION,"Predicted 168 h Output_Rise_Time_ns is within limits, but the 0 h input lies outside the training envelope.",MONITOR
C0312,L006,CMOS_A,PASS,0.1554877315435874,Supply_Current_0h,0,LOW,A_NO_STRONG_EVIDENCE,No strong lot-relative anomaly evidence detected.,PASS,0.1523,Supply_Current_ICC_uA,0.8477,0,NOMINAL,False,B_OK,All six parameters are predicted to stay within limits with margin.,PASS
C0313,L006,CMOS_A,PASS,0.1492733254564988,Propagation_Delay_96h,0,LOW,A_NO_STRONG_EVIDENCE,No strong lot-relative anomaly evidence detected.,MONITOR,0.0508,Output_Rise_Time_ns,0.9503,1,LOW,True,B_UNCERTAIN_EXTRAPOLATION,"Predicted 168 h Output_Rise_Time_ns is within limits, but the 0 h input lies outside the training envelope.",MONITOR
C0314,L006,CMOS_A,REJECT,0.3477483164677751,Output_Rise_Time_0h,3,HIGH,A_CROSS_SECTIONAL_EXTREME,Measurement is strongly unusual relative to the component's lot peers.,MONITOR,0.1135,Output_Rise_Time_ns,0.8865,1,LOW,True,B_UNCERTAIN_EXTRAPOLATION,"Predicted 168 h Output_Rise_Time_ns is within limits, but the 0 h input lies outside the training envelope.",REJECT
C0315,L006,CMOS_A,PASS,0.1924461037448532,Output_Fall_Time_168h,0,LOW,A_NO_STRONG_EVIDENCE,No strong lot-relative anomaly evidence detected.,MONITOR,0.0351,Output_Rise_Time_ns,0.9819,1,LOW,True,B_UNCERTAIN_EXTRAPOLATION,"Predicted 168 h Output_Rise_Time_ns is within limits, but the 0 h input lies outside the training envelope.",MONITOR
C0316,L006,CMOS_A,PASS,0.2905061178756782,Output_Rise_Time_168h,0,LOW,A_NO_STRONG_EVIDENCE,No strong lot-relative anomaly evidence detected.,PASS,0.0056,Input_Leakage_Current_uA,0.9944,0,NOMINAL,False,B_OK,All six parameters are predicted to stay within limits with margin.,PASS
C0317,L006,CMOS_A,REJECT,0.3560802115225242,Output_Rise_Time_168h,4,HIGH,A_CROSS_SECTIONAL_EXTREME,Measurement is strongly unusual relative to the component's lot peers.,MONITOR,0.1296,Output_Rise_Time_ns,0.8704,1,LOW,True,B_UNCERTAIN_EXTRAPOLATION,"Predicted 168 h Output_Rise_Time_ns is within limits, but the 0 h input lies outside the training envelope.",REJECT
C0318,L006,CMOS_A,PASS,0.1856776057463713,Supply_Current_24h,0,LOW,A_NO_STRONG_EVIDENCE,No strong lot-relative anomaly evidence detected.,PASS,0.0046,Input_Leakage_Current_uA,0.9954,0,NOMINAL,False,B_OK,All six parameters are predicted to stay within limits with margin.,PASS
C0319,L006,CMOS_A,PASS,0.1742332690911235,Output_Rise_Time_168h,0,LOW,A_NO_STRONG_EVIDENCE,No strong lot-relative anomaly evidence detected.,PASS,0.0332,Propagation_Delay_ns,0.9668,0,NOMINAL,False,B_OK,All six parameters are predicted to stay within limits with margin.,PASS
C0320,L006,CMOS_A,PASS,0.1769418641068722,Output_Fall_Time_96h,0,LOW,A_NO_STRONG_EVIDENCE,No strong lot-relative anomaly evidence detected.,MONITOR,0.0807,Output_Rise_Time_ns,0.9745,1,LOW,True,B_UNCERTAIN_EXTRAPOLATION,"Predicted 168 h Output_Rise_Time_ns is within limits, but the 0 h input lies outside the training envelope.",MONITOR
C0321,L006,CMOS_A,PASS,0.201909665318601,IDDQ_0h,0,LOW,A_NO_STRONG_EVIDENCE,No strong lot-relative anomaly evidence detected.,MONITOR,0.0369,Output_Rise_Time_ns,0.9631,1,LOW,True,B_UNCERTAIN_EXTRAPOLATION,"Predicted 168 h Output_Rise_Time_ns is within limits, but the 0 h input lies outside the training envelope.",MONITOR
C0322,L006,CMOS_A,REJECT,1.0,IDDQ_168h,6,HIGH,A_CROSS_TEMP_EXTREME,Strong lot-relative evidence in both measurement level and temporal change.,MONITOR,0.0479,Output_Rise_Time_ns,0.956,1,LOW,True,B_UNCERTAIN_EXTRAPOLATION,"Predicted 168 h Output_Rise_Time_ns is within limits, but the 0 h input lies outside the training envelope.",REJECT
C0323,L006,CMOS_A,PASS,0.2458533417659278,Input_Leakage_24h,0,LOW,A_NO_STRONG_EVIDENCE,No strong lot-relative anomaly evidence detected.,MONITOR,0.0723,Output_Rise_Time_ns,0.9277,1,LOW,True,B_UNCERTAIN_EXTRAPOLATION,"Predicted 168 h Output_Rise_Time_ns is within limits, but the 0 h input lies outside the training envelope.",MONITOR
C0324,L006,CMOS_A,PASS,0.28976857694509,Output_Rise_Time_168h,0,LOW,A_NO_STRONG_EVIDENCE,No strong lot-relative anomaly evidence detected.,PASS,0.0658,Supply_Current_ICC_uA,0.9342,0,NOMINAL,False,B_OK,All six parameters are predicted to stay within limits with margin.,PASS
C0325,L006,CMOS_A,REJECT,1.0,Supply_Current_168h,9,HIGH,A_CROSS_TEMP_EXTREME,Strong lot-relative evidence in both measurement level and temporal change.,PASS,0.121,IDDQ_uA,0.879,0,NOMINAL,False,B_OK,All six parameters are predicted to stay within limits with margin.,REJECT
C0326,L006,CMOS_A,PASS,0.1303048724394719,Supply_Current_96h,0,LOW,A_NO_STRONG_EVIDENCE,No strong lot-relative anomaly evidence detected.,PASS,0.0168,Input_Leakage_Current_uA,0.9832,0,NOMINAL,False,B_OK,All six parameters are predicted to stay within limits with margin.,PASS
C0327,L006,CMOS_A,PASS,0.1809223311302194,Propagation_Delay_96h,0,LOW,A_NO_STRONG_EVIDENCE,No strong lot-relative anomaly evidence detected.,PASS,0.0165,Supply_Current_ICC_uA,0.9835,0,NOMINAL,False,B_OK,All six parameters are predicted to stay within limits with margin.,PASS
C0328,L006,CMOS_A,PASS,0.2709275183558314,IDDQ_0h,0,LOW,A_NO_STRONG_EVIDENCE,No strong lot-relative anomaly evidence detected.,MONITOR,0.0327,Output_Rise_Time_ns,0.9776,1,LOW,True,B_UNCERTAIN_EXTRAPOLATION,"Predicted 168 h Output_Rise_Time_ns is within limits, but the 0 h input lies outside the training envelope.",MONITOR
C0329,L006,CMOS_A,PASS,0.216362620247687,Input_Leakage_24h,0,LOW,A_NO_STRONG_EVIDENCE,No strong lot-relative anomaly evidence detected.,MONITOR,0.1156,Output_Rise_Time_ns,0.9688,1,LOW,True,B_UNCERTAIN_EXTRAPOLATION,"Predicted 168 h Output_Rise_Time_ns is within limits, but the 0 h input lies outside the training envelope.",MONITOR
C0330,L006,CMOS_A,PASS,0.1454239931833234,Propagation_Delay_168h,0,LOW,A_NO_STRONG_EVIDENCE,No strong lot-relative anomaly evidence detected.,PASS,0.0283,Output_Fall_Time_ns,0.9717,0,NOMINAL,False,B_OK,All six parameters are predicted to stay within limits with margin.,PASS
C0331,L006,CMOS_A,PASS,0.16847755176048,IDDQ_24h,0,LOW,A_NO_STRONG_EVIDENCE,No strong lot-relative anomaly evidence detected.,PASS,0.0077,Propagation_Delay_ns,0.9923,0,NOMINAL,False,B_OK,All six parameters are predicted to stay within limits with margin.,PASS
C0332,L006,CMOS_A,PASS,0.1576174835874197,Output_Rise_Time_0h,0,LOW,A_NO_STRONG_EVIDENCE,No strong lot-relative anomaly evidence detected.,PASS,0.0363,Output_Fall_Time_ns,0.9637,0,NOMINAL,False,B_OK,All six parameters are predicted to stay within limits with margin.,PASS
C0333,L006,CMOS_A,PASS,0.1694556883370981,Output_Fall_Time_168h,0,LOW,A_NO_STRONG_EVIDENCE,No strong lot-relative anomaly evidence detected.,PASS,0.0416,Output_Fall_Time_ns,0.9584,0,NOMINAL,False,B_OK,All six parameters are predicted to stay within limits with margin.,PASS
C0538,L011,CMOS_B,PASS,0.2681544710336527,Output_Rise_Time_168h,0,LOW,A_NO_STRONG_EVIDENCE,No strong lot-relative anomaly evidence detected.,PASS,0.0,Input_Leakage_Current_uA,1.0025,0,NOMINAL,False,B_OK,All six parameters are predicted to stay within limits with margin.,PASS
C0539,L011,CMOS_B,PASS,0.2264781761348086,IDDQ_0h,0,LOW,A_NO_STRONG_EVIDENCE,No strong lot-relative anomaly evidence detected.,PASS,0.1247,Output_Rise_Time_ns,0.8753,0,NOMINAL,False,B_OK,All six parameters are predicted to stay within limits with margin.,PASS
C0540,L011,CMOS_B,PASS,0.1703492020521093,Input_Leakage_96h,0,LOW,A_NO_STRONG_EVIDENCE,No strong lot-relative anomaly evidence detected.,PASS,0.0602,Propagation_Delay_ns,0.9398,0,NOMINAL,False,B_OK,All six parameters are predicted to stay within limits with margin.,PASS
C0541,L011,CMOS_B,PASS,0.1307103001172523,Output_Rise_Time_0h,0,LOW,A_NO_STRONG_EVIDENCE,No strong lot-relative anomaly evidence detected.,PASS,0.0413,Propagation_Delay_ns,0.9587,0,NOMINAL,False,B_OK,All six parameters are predicted to stay within limits with margin.,PASS
C0542,L011,CMOS_B,PASS,0.2362983077199029,Propagation_Delay_0h,0,LOW,A_NO_STRONG_EVIDENCE,No strong lot-relative anomaly evidence detected.,PASS,0.1092,Propagation_Delay_ns,0.8908,0,NOMINAL,False,B_OK,All six parameters are predicted to stay within limits with margin.,PASS
C0543,L011,CMOS_B,PASS,0.1975370718720681,Input_Leakage_96h,0,LOW,A_NO_STRONG_EVIDENCE,No strong lot-relative anomaly evidence detected.,PASS,0.1291,Propagation_Delay_ns,0.8709,0,NOMINAL,False,B_OK,All six parameters are predicted to stay within limits with margin.,PASS
C0544,L011,CMOS_B,REJECT,1.0,Output_Rise_Time_168h,9,HIGH,A_CROSS_TEMP_EXTREME,Strong lot-relative evidence in both measurement level and temporal change.,PASS,0.1496,Propagation_Delay_ns,0.8504,0,NOMINAL,False,B_OK,All six parameters are predicted to stay within limits with margin.,REJECT
C0545,L011,CMOS_B,PASS,0.1859698164307673,IDDQ_0h,0,LOW,A_NO_STRONG_EVIDENCE,No strong lot-relative anomaly evidence detected.,PASS,0.1107,Supply_Current_ICC_uA,0.8893,0,NOMINAL,False,B_OK,All six parameters are predicted to stay within limits with margin.,PASS
C0546,L011,CMOS_B,PASS,0.1238020931904374,Input_Leakage_24h,0,LOW,A_NO_STRONG_EVIDENCE,No strong lot-relative anomaly evidence detected.,PASS,0.0778,Propagation_Delay_ns,0.9222,0,NOMINAL,False,B_OK,All six parameters are predicted to stay within limits with margin.,PASS
C0547,L011,CMOS_B,REJECT,1.0,IDDQ_168h,12,HIGH,A_CROSS_TEMP_EXTREME,Strong lot-relative evidence in both measurement level and temporal change.,PASS,0.0793,Propagation_Delay_ns,0.9207,0,NOMINAL,False,B_OK,All six parameters are predicted to stay within limits with margin.,REJECT
C0548,L011,CMOS_B,REJECT,1.0,Output_Fall_Time_24h,15,HIGH,A_CROSS_TEMP_EXTREME,Strong lot-relative evidence in both measurement level and temporal change.,MONITOR,0.9814,Output_Fall_Time_ns,0.0186,2,NOMINAL,False,B_MARGIN_LOW,Predicted 168 h Output_Fall_Time_ns leaves only 1.9% of the headroom between the lot baseline and the 8.0 ns limit.,REJECT
C0549,L011,CMOS_B,PASS,0.1508211432994084,Input_Leakage_0h,0,LOW,A_NO_STRONG_EVIDENCE,No strong lot-relative anomaly evidence detected.,PASS,0.0614,Output_Rise_Time_ns,0.9386,0,NOMINAL,False,B_OK,All six parameters are predicted to stay within limits with margin.,PASS
C0550,L011,CMOS_B,PASS,0.1731116215448461,Input_Leakage_24h,0,LOW,A_NO_STRONG_EVIDENCE,No strong lot-relative anomaly evidence detected.,PASS,0.0604,Supply_Current_ICC_uA,0.9396,0,NOMINAL,False,B_OK,All six parameters are predicted to stay within limits with margin.,PASS
C0551,L011,CMOS_B,PASS,0.1715010928671547,Output_Rise_Time_168h,0,LOW,A_NO_STRONG_EVIDENCE,No strong lot-relative anomaly evidence detected.,PASS,0.0486,Output_Fall_Time_ns,0.9514,0,NOMINAL,False,B_OK,All six parameters are predicted to stay within limits with margin.,PASS
C0552,L011,CMOS_B,REJECT,1.0,IDDQ_168h,10,HIGH,A_CROSS_TEMP_EXTREME,Strong lot-relative evidence in both measurement level and temporal change.,PASS,0.0833,IDDQ_uA,0.9167,0,NOMINAL,False,B_OK,All six parameters are predicted to stay within limits with margin.,REJECT
C0553,L011,CMOS_B,PASS,0.2222829153151936,Supply_Current_0h,0,LOW,A_NO_STRONG_EVIDENCE,No strong lot-relative anomaly evidence detected.,PASS,0.1911,Supply_Current_ICC_uA,0.8089,0,NOMINAL,False,B_OK,All six parameters are predicted to stay within limits with margin.,PASS
C0554,L011,CMOS_B,PASS,0.199367502952405,Output_Rise_Time_168h,0,LOW,A_NO_STRONG_EVIDENCE,No strong lot-relative anomaly evidence detected.,PASS,0.0919,Propagation_Delay_ns,0.9081,0,NOMINAL,False,B_OK,All six parameters are predicted to stay within limits with margin.,PASS
C0555,L011,CMOS_B,PASS,0.2071048188562193,Input_Leakage_0h,0,LOW,A_NO_STRONG_EVIDENCE,No strong lot-relative anomaly evidence detected.,PASS,0.0882,Output_Rise_Time_ns,0.9118,0,NOMINAL,False,B_OK,All six parameters are predicted to stay within limits with margin.,PASS
C0556,L011,CMOS_B,PASS,0.2217329433798297,Output_Fall_Time_24h,0,LOW,A_NO_STRONG_EVIDENCE,No strong lot-relative anomaly evidence detected.,PASS,0.0099,Input_Leakage_Current_uA,0.9901,0,NOMINAL,False,B_OK,All six parameters are predicted to stay within limits with margin.,PASS
C0557,L011,CMOS_B,REJECT,1.0,Input_Leakage_168h,9,HIGH,A_CROSS_TEMP_EXTREME,Strong lot-relative evidence in both measurement level and temporal change.,PASS,0.0998,Supply_Current_ICC_uA,0.9002,0,NOMINAL,False,B_OK,All six parameters are predicted to stay within limits with margin.,REJECT
C0558,L011,CMOS_B,PASS,0.2375148126080812,Supply_Current_24h,0,LOW,A_NO_STRONG_EVIDENCE,No strong lot-relative anomaly evidence detected.,PASS,0.1996,Supply_Current_ICC_uA,0.8004,0,NOMINAL,False,B_OK,All six parameters are predicted to stay within limits with margin.,PASS
C0559,L011,CMOS_B,MONITOR,0.3070889669425862,Output_Fall_Time_24h,1,MEDIUM,A_TEMPORAL_EXTREME,Temporal change is strongly unusual relative to the component's lot peers.,PASS,0.0264,Supply_Current_ICC_uA,0.9736,0,NOMINAL,False,B_OK,All six parameters are predicted to stay within limits with margin.,MONITOR
C0560,L011,CMOS_B,PASS,0.2450277223857671,Output_Fall_Time_96h,0,LOW,A_NO_STRONG_EVIDENCE,No strong lot-relative anomaly evidence detected.,PASS,0.05,Output_Rise_Time_ns,0.95,0,NOMINAL,False,B_OK,All six parameters are predicted to stay within limits with margin.,PASS
C0561,L011,CMOS_B,PASS,0.1726546734479804,Input_Leakage_0h,0,LOW,A_NO_STRONG_EVIDENCE,No strong lot-relative anomaly evidence detected.,PASS,0.1082,Propagation_Delay_ns,0.8918,0,NOMINAL,False,B_OK,All six parameters are predicted to stay within limits with margin.,PASS
C0562,L011,CMOS_B,PASS,0.2238112127087315,Output_Fall_Time_24h,0,LOW,A_NO_STRONG_EVIDENCE,No strong lot-relative anomaly evidence detected.,PASS,0.146,Propagation_Delay_ns,0.854,0,NOMINAL,False,B_OK,All six parameters are predicted to stay within limits with margin.,PASS
C0563,L011,CMOS_B,PASS,0.2030527173853786,Propagation_Delay_96h,0,LOW,A_NO_STRONG_EVIDENCE,No strong lot-relative anomaly evidence detected.,PASS,0.1176,Supply_Current_ICC_uA,0.8824,0,NOMINAL,False,B_OK,All six parameters are predicted to stay within limits with margin.,PASS
C0564,L011,CMOS_B,PASS,0.1226726341506062,Input_Leakage_0h,0,LOW,A_NO_STRONG_EVIDENCE,No strong lot-relative anomaly evidence detected.,PASS,0.1058,Supply_Current_ICC_uA,0.8942,0,NOMINAL,False,B_OK,All six parameters are predicted to stay within limits with margin.,PASS
C0565,L011,CMOS_B,PASS,0.122006860929213,Output_Rise_Time_0h,0,LOW,A_NO_STRONG_EVIDENCE,No strong lot-relative anomaly evidence detected.,PASS,0.0364,Propagation_Delay_ns,0.9636,0,NOMINAL,False,B_OK,All six parameters are predicted to stay within limits with margin.,PASS
C0566,L011,CMOS_B,PASS,0.2009125421089097,Output_Fall_Time_168h,0,LOW,A_NO_STRONG_EVIDENCE,No strong lot-relative anomaly evidence detected.,PASS,0.134,Propagation_Delay_ns,0.866,0,NOMINAL,False,B_OK,All six parameters are predicted to stay within limits with margin.,PASS
C0567,L011,CMOS_B,MONITOR,0.3046837568670139,Input_Leakage_0h,1,MEDIUM,A_CROSS_SECTIONAL_EXTREME,Measurement is strongly unusual relative to the component's lot peers.,PASS,0.0849,Propagation_Delay_ns,0.9151,0,NOMINAL,False,B_OK,All six parameters are predicted to stay within limits with margin.,MONITOR
C0568,L011,CMOS_B,PASS,0.1551597273700046,Propagation_Delay_96h,0,LOW,A_NO_STRONG_EVIDENCE,No strong lot-relative anomaly evidence detected.,PASS,0.0756,Supply_Current_ICC_uA,0.9244,0,NOMINAL,False,B_OK,All six parameters are predicted to stay within limits with margin.,PASS
C0569,L011,CMOS_B,PASS,0.1480073766876549,Output_Fall_Time_96h,0,LOW,A_NO_STRONG_EVIDENCE,No strong lot-relative anomaly evidence detected.,PASS,0.0897,Supply_Current_ICC_uA,0.9103,0,NOMINAL,False,B_OK,All six parameters are predicted to stay within limits with margin.,PASS
C0570,L011,CMOS_B,PASS,0.2308717075560711,IDDQ_0h,0,LOW,A_NO_STRONG_EVIDENCE,No strong lot-relative anomaly evidence detected.,PASS,0.0845,Supply_Current_ICC_uA,0.9155,0,NOMINAL,False,B_OK,All six parameters are predicted to stay within limits with margin.,PASS
C0571,L011,CMOS_B,PASS,0.2210142806578716,Supply_Current_96h,0,LOW,A_NO_STRONG_EVIDENCE,No strong lot-relative anomaly evidence detected.,PASS,0.0197,Propagation_Delay_ns,0.9803,0,NOMINAL,False,B_OK,All six parameters are predicted to stay within limits with margin.,PASS
C0572,L011,CMOS_B,PASS,0.2490148598802093,Output_Fall_Time_168h,0,LOW,A_NO_STRONG_EVIDENCE,No strong lot-relative anomaly evidence detected.,PASS,0.1302,Propagation_Delay_ns,0.8698,0,NOMINAL,False,B_OK,All six parameters are predicted to stay within limits with margin.,PASS
C0573,L011,CMOS_B,PASS,0.1994776970704641,Supply_Current_0h,0,LOW,A_NO_STRONG_EVIDENCE,No strong lot-relative anomaly evidence detected.,PASS,0.1846,Supply_Current_ICC_uA,0.8154,0,NOMINAL,False,B_OK,All six parameters are predicted to stay within limits with margin.,PASS
C0574,L011,CMOS_B,PASS,0.1530330724622096,IDDQ_24h,0,LOW,A_NO_STRONG_EVIDENCE,No strong lot-relative anomaly evidence detected.,PASS,0.1196,Supply_Current_ICC_uA,0.8804,0,NOMINAL,False,B_OK,All six parameters are predicted to stay within limits with margin.,PASS
C0575,L011,CMOS_B,PASS,0.2479532723845854,Output_Fall_Time_168h,0,LOW,A_NO_STRONG_EVIDENCE,No strong lot-relative anomaly evidence detected.,PASS,0.0653,Supply_Current_ICC_uA,0.9347,0,NOMINAL,False,B_OK,All six parameters are predicted to stay within limits with margin.,PASS
C0576,L011,CMOS_B,PASS,0.2742590726965653,Output_Fall_Time_24h,0,LOW,A_NO_STRONG_EVIDENCE,No strong lot-relative anomaly evidence detected.,PASS,0.2036,Propagation_Delay_ns,0.7964,0,NOMINAL,False,B_OK,All six parameters are predicted to stay within limits with margin.,PASS
C0577,L011,CMOS_B,REJECT,1.0,Input_Leakage_168h,7,HIGH,A_CROSS_TEMP_EXTREME,Strong lot-relative evidence in both measurement level and temporal change.,PASS,0.0136,Output_Rise_Time_ns,0.9864,0,NOMINAL,False,B_OK,All six parameters are predicted to stay within limits with margin.,REJECT
C0578,L011,CMOS_B,PASS,0.2012737677483209,Input_Leakage_0h,0,LOW,A_NO_STRONG_EVIDENCE,No strong lot-relative anomaly evidence detected.,PASS,0.0152,Output_Fall_Time_ns,0.9848,0,NOMINAL,False,B_OK,All six parameters are predicted to stay within limits with margin.,PASS
C0579,L011,CMOS_B,PASS,0.1689278713739064,Propagation_Delay_168h,0,LOW,A_NO_STRONG_EVIDENCE,No strong lot-relative anomaly evidence detected.,PASS,0.1511,Propagation_Delay_ns,0.8489,0,NOMINAL,False,B_OK,All six parameters are predicted to stay within limits with margin.,PASS
C0580,L011,CMOS_B,PASS,0.2148750118383287,Output_Fall_Time_24h,0,LOW,A_NO_STRONG_EVIDENCE,No strong lot-relative anomaly evidence detected.,PASS,0.0176,IDDQ_uA,0.9824,0,NOMINAL,False,B_OK,All six parameters are predicted to stay within limits with margin.,PASS
C0581,L011,CMOS_B,REJECT,0.3436512250117448,Output_Fall_Time_24h,3,HIGH,A_CROSS_SECTIONAL_EXTREME,Measurement is strongly unusual relative to the component's lot peers.,PASS,0.2263,Propagation_Delay_ns,0.7737,0,NOMINAL,False,B_OK,All six parameters are predicted to stay within limits with margin.,REJECT
C0582,L011,CMOS_B,PASS,0.216611575964686,IDDQ_24h,0,LOW,A_NO_STRONG_EVIDENCE,No strong lot-relative anomaly evidence detected.,PASS,0.0806,Supply_Current_ICC_uA,0.9194,0,NOMINAL,False,B_OK,All six parameters are predicted to stay within limits with margin.,PASS
C0583,L011,CMOS_B,PASS,0.1938401787899067,Output_Rise_Time_168h,0,LOW,A_NO_STRONG_EVIDENCE,No strong lot-relative anomaly evidence detected.,PASS,0.0507,Supply_Current_ICC_uA,0.9493,0,NOMINAL,False,B_OK,All six parameters are predicted to stay within limits with margin.,PASS
C0584,L012,CMOS_B,PASS,0.174964543757829,Supply_Current_0h,0,LOW,A_NO_STRONG_EVIDENCE,No strong lot-relative anomaly evidence detected.,PASS,0.1381,Supply_Current_ICC_uA,0.8619,0,NOMINAL,False,B_OK,All six parameters are predicted to stay within limits with margin.,PASS
C0585,L012,CMOS_B,PASS,0.1966158746312606,IDDQ_0h,0,LOW,A_NO_STRONG_EVIDENCE,No strong lot-relative anomaly evidence detected.,PASS,0.1175,Propagation_Delay_ns,0.8825,0,NOMINAL,False,B_OK,All six parameters are predicted to stay within limits with margin.,PASS
C0586,L012,CMOS_B,PASS,0.135598095136285,Supply_Current_24h,0,LOW,A_NO_STRONG_EVIDENCE,No strong lot-relative anomaly evidence detected.,PASS,0.0637,Output_Rise_Time_ns,0.9363,0,NOMINAL,False,B_OK,All six parameters are predicted to stay within limits with margin.,PASS
C0587,L012,CMOS_B,PASS,0.2243840981561406,Input_Leakage_96h,0,LOW,A_NO_STRONG_EVIDENCE,No strong lot-relative anomaly evidence detected.,PASS,0.122,Output_Rise_Time_ns,0.878,0,NOMINAL,False,B_OK,All six parameters are predicted to stay within limits with margin.,PASS
C0588,L012,CMOS_B,REJECT,1.0,Output_Fall_Time_168h,12,HIGH,A_CROSS_TEMP_EXTREME,Strong lot-relative evidence in both measurement level and temporal change.,PASS,0.197,Propagation_Delay_ns,0.803,0,NOMINAL,False,B_OK,All six parameters are predicted to stay within limits with margin.,REJECT
C0589,L012,CMOS_B,PASS,0.2913145307780211,Output_Rise_Time_0h,0,LOW,A_NO_STRONG_EVIDENCE,No strong lot-relative anomaly evidence detected.,PASS,0.2033,Propagation_Delay_ns,0.7967,0,NOMINAL,False,B_OK,All six parameters are predicted to stay within limits with margin.,PASS
C0590,L012,CMOS_B,PASS,0.1387474244038967,Output_Rise_Time_0h,0,LOW,A_NO_STRONG_EVIDENCE,No strong lot-relative anomaly evidence detected.,PASS,0.1072,Output_Rise_Time_ns,0.8928,0,NOMINAL,False,B_OK,All six parameters are predicted to stay within limits with margin.,PASS
C0591,L012,CMOS_B,PASS,0.2292488535082189,Input_Leakage_24h,0,LOW,A_NO_STRONG_EVIDENCE,No strong lot-relative anomaly evidence detected.,PASS,0.1463,Propagation_Delay_ns,0.8537,0,NOMINAL,False,B_OK,All six parameters are predicted to stay within limits with margin.,PASS
C0592,L012,CMOS_B,REJECT,1.0,Output_Fall_Time_168h,10,HIGH,A_CROSS_TEMP_EXTREME,Strong lot-relative evidence in both measurement level and temporal change.,PASS,0.087,Propagation_Delay_ns,0.913,0,NOMINAL,False,B_OK,All six parameters are predicted to stay within limits with margin.,REJECT
C0593,L012,CMOS_B,PASS,0.2899118585962291,Propagation_Delay_0h,0,LOW,A_NO_STRONG_EVIDENCE,No strong lot-relative anomaly evidence detected.,PASS,0.2208,Propagation_Delay_ns,0.7792,0,NOMINAL,False,B_OK,All six parameters are predicted to stay within limits with margin.,PASS
C0594,L012,CMOS_B,REJECT,1.0,Output_Fall_Time_168h,12,HIGH,A_CROSS_TEMP_EXTREME,Strong lot-relative evidence in both measurement level and temporal change.,PASS,0.1641,Output_Rise_Time_ns,0.8359,0,NOMINAL,False,B_OK,All six parameters are predicted to stay within limits with margin.,REJECT
C0595,L012,CMOS_B,PASS,0.1639123505023599,IDDQ_0h,0,LOW,A_NO_STRONG_EVIDENCE,No strong lot-relative anomaly evidence detected.,PASS,0.0493,Supply_Current_ICC_uA,0.9507,0,NOMINAL,False,B_OK,All six parameters are predicted to stay within limits with margin.,PASS
C0596,L012,CMOS_B,PASS,0.1472654850751844,Supply_Current_24h,0,LOW,A_NO_STRONG_EVIDENCE,No strong lot-relative anomaly evidence detected.,PASS,0.1136,Supply_Current_ICC_uA,0.8864,0,NOMINAL,False,B_OK,All six parameters are predicted to stay within limits with margin.,PASS
C0597,L012,CMOS_B,PASS,0.2005358745666449,Propagation_Delay_0h,0,LOW,A_NO_STRONG_EVIDENCE,No strong lot-relative anomaly evidence detected.,PASS,0.0152,IDDQ_uA,0.9848,0,NOMINAL,False,B_OK,All six parameters are predicted to stay within limits with margin.,PASS
C0598,L012,CMOS_B,REJECT,1.0,Output_Fall_Time_168h,10,HIGH,A_CROSS_TEMP_EXTREME,Strong lot-relative evidence in both measurement level and temporal change.,PASS,0.1368,Propagation_Delay_ns,0.8632,0,NOMINAL,False,B_OK,All six parameters are predicted to stay within limits with margin.,REJECT
C0599,L012,CMOS_B,PASS,0.168607992519731,Output_Fall_Time_96h,0,LOW,A_NO_STRONG_EVIDENCE,No strong lot-relative anomaly evidence detected.,PASS,0.0418,Supply_Current_ICC_uA,0.9582,0,NOMINAL,False,B_OK,All six parameters are predicted to stay within limits with margin.,PASS
C0600,L012,CMOS_B,PASS,0.1627906269112688,IDDQ_0h,0,LOW,A_NO_STRONG_EVIDENCE,No strong lot-relative anomaly evidence detected.,PASS,0.0347,Output_Rise_Time_ns,0.9653,0,NOMINAL,False,B_OK,All six parameters are predicted to stay within limits with margin.,PASS
C0601,L012,CMOS_B,PASS,0.1954068022508925,Output_Fall_Time_0h,0,LOW,A_NO_STRONG_EVIDENCE,No strong lot-relative anomaly evidence detected.,PASS,0.0929,Propagation_Delay_ns,0.9071,0,NOMINAL,False,B_OK,All six parameters are predicted to stay within limits with margin.,PASS
C0602,L012,CMOS_B,PASS,0.1952543455083847,Propagation_Delay_168h,0,LOW,A_NO_STRONG_EVIDENCE,No strong lot-relative anomaly evidence detected.,PASS,0.0256,Output_Fall_Time_ns,0.9744,0,NOMINAL,False,B_OK,All six parameters are predicted to stay within limits with margin.,PASS
C0603,L012,CMOS_B,PASS,0.1458667198642213,Input_Leakage_168h,0,LOW,A_NO_STRONG_EVIDENCE,No strong lot-relative anomaly evidence detected.,PASS,0.0872,Supply_Current_ICC_uA,0.9128,0,NOMINAL,False,B_OK,All six parameters are predicted to stay within limits with margin.,PASS
C0604,L012,CMOS_B,PASS,0.2249341179846104,Supply_Current_24h,0,LOW,A_NO_STRONG_EVIDENCE,No strong lot-relative anomaly evidence detected.,PASS,0.0345,Propagation_Delay_ns,0.9655,0,NOMINAL,False,B_OK,All six parameters are predicted to stay within limits with margin.,PASS
C0605,L012,CMOS_B,PASS,0.2334315914705572,Output_Rise_Time_0h,0,LOW,A_NO_STRONG_EVIDENCE,No strong lot-relative anomaly evidence detected.,PASS,0.0381,Propagation_Delay_ns,0.9619,0,NOMINAL,False,B_OK,All six parameters are predicted to stay within limits with margin.,PASS
C0606,L012,CMOS_B,PASS,0.1604044327194705,Propagation_Delay_0h,0,LOW,A_NO_STRONG_EVIDENCE,No strong lot-relative anomaly evidence detected.,PASS,0.1532,Propagation_Delay_ns,0.8468,0,NOMINAL,False,B_OK,All six parameters are predicted to stay within limits with margin.,PASS
C0607,L012,CMOS_B,REJECT,1.0,IDDQ_168h,10,HIGH,A_CROSS_TEMP_EXTREME,Strong lot-relative evidence in both measurement level and temporal change.,PASS,0.0155,IDDQ_uA,0.9845,0,NOMINAL,False,B_OK,All six parameters are predicted to stay within limits with margin.,REJECT
C0608,L012,CMOS_B,PASS,0.1408546859662167,Output_Fall_Time_24h,0,LOW,A_NO_STRONG_EVIDENCE,No strong lot-relative anomaly evidence detected.,PASS,0.0358,Propagation_Delay_ns,0.9642,0,NOMINAL,False,B_OK,All six parameters are predicted to stay within limits with margin.,PASS
C0609,L012,CMOS_B,PASS,0.1660712454231884,Input_Leakage_24h,0,LOW,A_NO_STRONG_EVIDENCE,No strong lot-relative anomaly evidence detected.,PASS,0.0895,Propagation_Delay_ns,0.9105,0,NOMINAL,False,B_OK,All six parameters are predicted to stay within limits with margin.,PASS
C0610,L012,CMOS_B,PASS,0.2476794237893192,Propagation_Delay_168h,0,LOW,A_NO_STRONG_EVIDENCE,No strong lot-relative anomaly evidence detected.,PASS,0.1771,Propagation_Delay_ns,0.8229,0,NOMINAL,False,B_OK,All six parameters are predicted to stay within limits with margin.,PASS
C0611,L012,CMOS_B,PASS,0.2508719966804214,Output_Fall_Time_96h,0,LOW,A_NO_STRONG_EVIDENCE,No strong lot-relative anomaly evidence detected.,PASS,0.0178,Supply_Current_ICC_uA,0.9822,0,NOMINAL,False,B_OK,All six parameters are predicted to stay within limits with margin.,PASS
C0612,L012,CMOS_B,PASS,0.1570137324665129,Propagation_Delay_24h,0,LOW,A_NO_STRONG_EVIDENCE,No strong lot-relative anomaly evidence detected.,PASS,0.0538,Output_Rise_Time_ns,0.9462,0,NOMINAL,False,B_OK,All six parameters are predicted to stay within limits with margin.,PASS
C0613,L012,CMOS_B,PASS,0.1908369726070834,Propagation_Delay_0h,0,LOW,A_NO_STRONG_EVIDENCE,No strong lot-relative anomaly evidence detected.,PASS,0.1557,Propagation_Delay_ns,0.8443,0,NOMINAL,False,B_OK,All six parameters are predicted to stay within limits with margin.,PASS
C0614,L012,CMOS_B,PASS,0.229164330328193,Input_Leakage_96h,0,LOW,A_NO_STRONG_EVIDENCE,No strong lot-relative anomaly evidence detected.,PASS,0.1467,Supply_Current_ICC_uA,0.8533,0,NOMINAL,False,B_OK,All six parameters are predicted to stay within limits with margin.,PASS
C0615,L012,CMOS_B,PASS,0.2291204797766744,IDDQ_0h,0,LOW,A_NO_STRONG_EVIDENCE,No strong lot-relative anomaly evidence detected.,PASS,0.0475,Propagation_Delay_ns,0.9525,0,NOMINAL,False,B_OK,All six parameters are predicted to stay within limits with margin.,PASS
C0616,L012,CMOS_B,PASS,0.1781949463990356,Supply_Current_24h,0,LOW,A_NO_STRONG_EVIDENCE,No strong lot-relative anomaly evidence detected.,PASS,0.1392,Supply_Current_ICC_uA,0.8608,0,NOMINAL,False,B_OK,All six parameters are predicted to stay within limits with margin.,PASS
C0617,L012,CMOS_B,PASS,0.162074195424128,Propagation_Delay_168h,0,LOW,A_NO_STRONG_EVIDENCE,No strong lot-relative anomaly evidence detected.,PASS,0.0349,Output_Fall_Time_ns,0.9651,0,NOMINAL,False,B_OK,All six parameters are predicted to stay within limits with margin.,PASS
C0618,L012,CMOS_B,PASS,0.1709169896807104,Supply_Current_24h,0,LOW,A_NO_STRONG_EVIDENCE,No strong lot-relative anomaly evidence detected.,PASS,0.1346,Supply_Current_ICC_uA,0.8654,0,NOMINAL,False,B_OK,All six parameters are predicted to stay within limits with margin.,PASS
C0619,L012,CMOS_B,PASS,0.2713348178035449,IDDQ_0h,0,LOW,A_NO_STRONG_EVIDENCE,No strong lot-relative anomaly evidence detected.,PASS,0.09,Supply_Current_ICC_uA,0.91,0,NOMINAL,False,B_OK,All six parameters are predicted to stay within limits with margin.,PASS
C0620,L012,CMOS_B,PASS,0.2004139839722145,IDDQ_0h,0,LOW,A_NO_STRONG_EVIDENCE,No strong lot-relative anomaly evidence detected.,PASS,0.1364,Output_Rise_Time_ns,0.8636,0,NOMINAL,False,B_OK,All six parameters are predicted to stay within limits with margin.,PASS
C0621,L012,CMOS_B,PASS,0.2406629830327757,Propagation_Delay_0h,0,LOW,A_NO_STRONG_EVIDENCE,No strong lot-relative anomaly evidence detected.,PASS,0.014,Supply_Current_ICC_uA,0.986,0,NOMINAL,False,B_OK,All six parameters are predicted to stay within limits with margin.,PASS
C0622,L012,CMOS_B,PASS,0.2048345885621527,Propagation_Delay_0h,0,LOW,A_NO_STRONG_EVIDENCE,No strong lot-relative anomaly evidence detected.,PASS,0.1592,Propagation_Delay_ns,0.8408,0,NOMINAL,False,B_OK,All six parameters are predicted to stay within limits with margin.,PASS
C0623,L012,CMOS_B,PASS,0.1626384781725516,Output_Rise_Time_24h,0,LOW,A_NO_STRONG_EVIDENCE,No strong lot-relative anomaly evidence detected.,PASS,0.0683,Supply_Current_ICC_uA,0.9317,0,NOMINAL,False,B_OK,All six parameters are predicted to stay within limits with margin.,PASS
C0624,L012,CMOS_B,PASS,0.1751280251678683,Supply_Current_96h,0,LOW,A_NO_STRONG_EVIDENCE,No strong lot-relative anomaly evidence detected.,PASS,0.0448,Output_Fall_Time_ns,0.9552,0,NOMINAL,False,B_OK,All six parameters are predicted to stay within limits with margin.,PASS
C0625,L012,CMOS_B,PASS,0.1827379726802511,Output_Rise_Time_0h,0,LOW,A_NO_STRONG_EVIDENCE,No strong lot-relative anomaly evidence detected.,PASS,0.083,Propagation_Delay_ns,0.917,0,NOMINAL,False,B_OK,All six parameters are predicted to stay within limits with margin.,PASS
C0626,L012,CMOS_B,REJECT,1.0,Output_Fall_Time_168h,13,HIGH,A_CROSS_TEMP_EXTREME,Strong lot-relative evidence in both measurement level and temporal change.,PASS,0.15,Supply_Current_ICC_uA,0.85,0,NOMINAL,False,B_OK,All six parameters are predicted to stay within limits with margin.,REJECT
C0627,L012,CMOS_B,PASS,0.1208673917357812,Output_Fall_Time_0h,0,LOW,A_NO_STRONG_EVIDENCE,No strong lot-relative anomaly evidence detected.,PASS,0.0825,Output_Rise_Time_ns,0.9175,0,NOMINAL,False,B_OK,All six parameters are predicted to stay within limits with margin.,PASS
C0843,L017,CMOS_C,PASS,0.1625357946988676,Supply_Current_168h,0,LOW,A_NO_STRONG_EVIDENCE,No strong lot-relative anomaly evidence detected.,PASS,0.1826,Supply_Current_ICC_uA,0.8174,0,NOMINAL,False,B_OK,All six parameters are predicted to stay within limits with margin.,PASS
C0844,L017,CMOS_C,PASS,0.206204286438226,Input_Leakage_168h,0,LOW,A_NO_STRONG_EVIDENCE,No strong lot-relative anomaly evidence detected.,PASS,0.0474,Supply_Current_ICC_uA,0.9526,0,NOMINAL,False,B_OK,All six parameters are predicted to stay within limits with margin.,PASS
C0845,L017,CMOS_C,MONITOR,0.3021758162030483,Input_Leakage_168h,1,MEDIUM,A_CROSS_SECTIONAL_EXTREME,Measurement is strongly unusual relative to the component's lot peers.,PASS,0.1283,Supply_Current_ICC_uA,0.8717,0,NOMINAL,False,B_OK,All six parameters are predicted to stay within limits with margin.,MONITOR
C0846,L017,CMOS_C,PASS,0.2064112842161461,Output_Rise_Time_168h,0,LOW,A_NO_STRONG_EVIDENCE,No strong lot-relative anomaly evidence detected.,PASS,0.1476,Propagation_Delay_ns,0.8524,0,NOMINAL,False,B_OK,All six parameters are predicted to stay within limits with margin.,PASS
C0847,L017,CMOS_C,PASS,0.185939246051158,Output_Fall_Time_0h,0,LOW,A_NO_STRONG_EVIDENCE,No strong lot-relative anomaly evidence detected.,PASS,0.0662,Propagation_Delay_ns,0.9338,0,NOMINAL,False,B_OK,All six parameters are predicted to stay within limits with margin.,PASS
C0848,L017,CMOS_C,PASS,0.242131182697806,IDDQ_96h,0,LOW,A_NO_STRONG_EVIDENCE,No strong lot-relative anomaly evidence detected.,PASS,0.1154,Supply_Current_ICC_uA,0.8846,0,NOMINAL,False,B_OK,All six parameters are predicted to stay within limits with margin.,PASS
C0849,L017,CMOS_C,PASS,0.2024112030644032,Output_Rise_Time_24h,0,LOW,A_NO_STRONG_EVIDENCE,No strong lot-relative anomaly evidence detected.,PASS,0.1346,Propagation_Delay_ns,0.8654,0,NOMINAL,False,B_OK,All six parameters are predicted to stay within limits with margin.,PASS
C0850,L017,CMOS_C,PASS,0.1621858694075854,Propagation_Delay_24h,0,LOW,A_NO_STRONG_EVIDENCE,No strong lot-relative anomaly evidence detected.,PASS,0.1185,Propagation_Delay_ns,0.8815,0,NOMINAL,False,B_OK,All six parameters are predicted to stay within limits with margin.,PASS
C0851,L017,CMOS_C,PASS,0.2588600166300675,Propagation_Delay_168h,0,LOW,A_NO_STRONG_EVIDENCE,No strong lot-relative anomaly evidence detected.,PASS,0.2182,Propagation_Delay_ns,0.7818,0,NOMINAL,False,B_OK,All six parameters are predicted to stay within limits with margin.,PASS
C0852,L017,CMOS_C,PASS,0.2926034702284084,Output_Rise_Time_24h,0,LOW,A_NO_STRONG_EVIDENCE,No strong lot-relative anomaly evidence detected.,PASS,0.2155,Supply_Current_ICC_uA,0.7845,0,NOMINAL,False,B_OK,All six parameters are predicted to stay within limits with margin.,PASS
C0853,L017,CMOS_C,PASS,0.2557932949329474,IDDQ_0h,0,LOW,A_NO_STRONG_EVIDENCE,No strong lot-relative anomaly evidence detected.,PASS,0.0408,Output_Fall_Time_ns,0.9592,0,NOMINAL,False,B_OK,All six parameters are predicted to stay within limits with margin.,PASS
C0854,L017,CMOS_C,PASS,0.2632388435946459,Output_Rise_Time_24h,0,LOW,A_NO_STRONG_EVIDENCE,No strong lot-relative anomaly evidence detected.,PASS,0.1136,Propagation_Delay_ns,0.8864,0,NOMINAL,False,B_OK,All six parameters are predicted to stay within limits with margin.,PASS
C0855,L017,CMOS_C,PASS,0.1954312020851322,Output_Fall_Time_24h,0,LOW,A_NO_STRONG_EVIDENCE,No strong lot-relative anomaly evidence detected.,PASS,0.0558,Output_Fall_Time_ns,0.9442,0,NOMINAL,False,B_OK,All six parameters are predicted to stay within limits with margin.,PASS
C0856,L017,CMOS_C,PASS,0.1780837202995667,Supply_Current_168h,0,LOW,A_NO_STRONG_EVIDENCE,No strong lot-relative anomaly evidence detected.,PASS,0.0468,Propagation_Delay_ns,0.9532,0,NOMINAL,False,B_OK,All six parameters are predicted to stay within limits with margin.,PASS
C0857,L017,CMOS_C,PASS,0.2352176966107946,Output_Rise_Time_24h,0,LOW,A_NO_STRONG_EVIDENCE,No strong lot-relative anomaly evidence detected.,PASS,0.1138,Supply_Current_ICC_uA,0.8862,0,NOMINAL,False,B_OK,All six parameters are predicted to stay within limits with margin.,PASS
C0858,L017,CMOS_C,PASS,0.244450095710098,Output_Fall_Time_0h,0,LOW,A_NO_STRONG_EVIDENCE,No strong lot-relative anomaly evidence detected.,PASS,0.1329,Supply_Current_ICC_uA,0.8671,0,NOMINAL,False,B_OK,All six parameters are predicted to stay within limits with margin.,PASS
C0859,L017,CMOS_C,PASS,0.189231818360053,Supply_Current_168h,0,LOW,A_NO_STRONG_EVIDENCE,No strong lot-relative anomaly evidence detected.,PASS,0.0688,Output_Rise_Time_ns,0.9312,0,NOMINAL,False,B_OK,All six parameters are predicted to stay within limits with margin.,PASS
C0860,L017,CMOS_C,PASS,0.1729216243023149,IDDQ_0h,0,LOW,A_NO_STRONG_EVIDENCE,No strong lot-relative anomaly evidence detected.,PASS,0.0806,Propagation_Delay_ns,0.9194,0,NOMINAL,False,B_OK,All six parameters are predicted to stay within limits with margin.,PASS
C0861,L017,CMOS_C,PASS,0.1514650909970443,Output_Fall_Time_24h,0,LOW,A_NO_STRONG_EVIDENCE,No strong lot-relative anomaly evidence detected.,PASS,0.0682,Supply_Current_ICC_uA,0.9318,0,NOMINAL,False,B_OK,All six parameters are predicted to stay within limits with margin.,PASS
C0862,L017,CMOS_C,PASS,0.2498988975499058,Output_Fall_Time_24h,0,LOW,A_NO_STRONG_EVIDENCE,No strong lot-relative anomaly evidence detected.,PASS,0.0417,Propagation_Delay_ns,0.9583,0,NOMINAL,False,B_OK,All six parameters are predicted to stay within limits with margin.,PASS
C0863,L017,CMOS_C,PASS,0.2841843310889679,Output_Rise_Time_24h,0,LOW,A_NO_STRONG_EVIDENCE,No strong lot-relative anomaly evidence detected.,PASS,0.1679,Propagation_Delay_ns,0.8321,0,NOMINAL,False,B_OK,All six parameters are predicted to stay within limits with margin.,PASS
C0864,L017,CMOS_C,PASS,0.1821976629535546,Output_Fall_Time_0h,0,LOW,A_NO_STRONG_EVIDENCE,No strong lot-relative anomaly evidence detected.,PASS,0.0827,Supply_Current_ICC_uA,0.9173,0,NOMINAL,False,B_OK,All six parameters are predicted to stay within limits with margin.,PASS
C0865,L017,CMOS_C,PASS,0.1825494509611055,Input_Leakage_168h,0,LOW,A_NO_STRONG_EVIDENCE,No strong lot-relative anomaly evidence detected.,PASS,0.1137,Propagation_Delay_ns,0.8863,0,NOMINAL,False,B_OK,All six parameters are predicted to stay within limits with margin.,PASS
C0866,L017,CMOS_C,MONITOR,0.315265905620813,IDDQ_0h,1,MEDIUM,A_CROSS_SECTIONAL_EXTREME,Measurement is strongly unusual relative to the component's lot peers.,PASS,0.2398,Supply_Current_ICC_uA,0.7602,0,NOMINAL,False,B_OK,All six parameters are predicted to stay within limits with margin.,MONITOR
C0867,L017,CMOS_C,REJECT,0.3685660511521081,Output_Fall_Time_0h,4,HIGH,A_CROSS_SECTIONAL_EXTREME,Measurement is strongly unusual relative to the component's lot peers.,PASS,0.1995,Propagation_Delay_ns,0.8005,0,NOMINAL,False,B_OK,All six parameters are predicted to stay within limits with margin.,REJECT
C0868,L017,CMOS_C,PASS,0.1887722185405655,Supply_Current_168h,0,LOW,A_NO_STRONG_EVIDENCE,No strong lot-relative anomaly evidence detected.,PASS,0.1677,Supply_Current_ICC_uA,0.8323,0,NOMINAL,False,B_OK,All six parameters are predicted to stay within limits with margin.,PASS
C0869,L017,CMOS_C,PASS,0.1441112973722139,Output_Fall_Time_0h,0,LOW,A_NO_STRONG_EVIDENCE,No strong lot-relative anomaly evidence detected.,PASS,0.0549,Propagation_Delay_ns,0.9451,0,NOMINAL,False,B_OK,All six parameters are predicted to stay within limits with margin.,PASS
C0870,L017,CMOS_C,PASS,0.2577994718282178,Propagation_Delay_24h,0,LOW,A_NO_STRONG_EVIDENCE,No strong lot-relative anomaly evidence detected.,PASS,0.2384,Propagation_Delay_ns,0.7616,0,NOMINAL,False,B_OK,All six parameters are predicted to stay within limits with margin.,PASS
C0871,L017,CMOS_C,PASS,0.2351162540042482,Output_Fall_Time_0h,0,LOW,A_NO_STRONG_EVIDENCE,No strong lot-relative anomaly evidence detected.,PASS,0.0081,Output_Rise_Time_ns,0.9919,0,NOMINAL,False,B_OK,All six parameters are predicted to stay within limits with margin.,PASS
C0872,L017,CMOS_C,PASS,0.1260709238350549,IDDQ_24h,0,LOW,A_NO_STRONG_EVIDENCE,No strong lot-relative anomaly evidence detected.,PASS,0.0274,Propagation_Delay_ns,0.9726,0,NOMINAL,False,B_OK,All six parameters are predicted to stay within limits with margin.,PASS
C0873,L017,CMOS_C,PASS,0.1687291825102491,Supply_Current_168h,0,LOW,A_NO_STRONG_EVIDENCE,No strong lot-relative anomaly evidence detected.,PASS,0.1808,Supply_Current_ICC_uA,0.8192,0,NOMINAL,False,B_OK,All six parameters are predicted to stay within limits with margin.,PASS
C0874,L017,CMOS_C,PASS,0.2206247279813627,Supply_Current_168h,0,LOW,A_NO_STRONG_EVIDENCE,No strong lot-relative anomaly evidence detected.,PASS,0.0784,Propagation_Delay_ns,0.9216,0,NOMINAL,False,B_OK,All six parameters are predicted to stay within limits with margin.,PASS
C0875,L017,CMOS_C,PASS,0.1497248976885015,Supply_Current_96h,0,LOW,A_NO_STRONG_EVIDENCE,No strong lot-relative anomaly evidence detected.,PASS,0.0476,Output_Fall_Time_ns,0.9524,0,NOMINAL,False,B_OK,All six parameters are predicted to stay within limits with margin.,PASS
C0876,L017,CMOS_C,PASS,0.1220362938683516,Output_Fall_Time_96h,0,LOW,A_NO_STRONG_EVIDENCE,No strong lot-relative anomaly evidence detected.,PASS,0.1081,Supply_Current_ICC_uA,0.8919,0,NOMINAL,False,B_OK,All six parameters are predicted to stay within limits with margin.,PASS
C0877,L017,CMOS_C,PASS,0.2729502822068581,Output_Rise_Time_24h,0,LOW,A_NO_STRONG_EVIDENCE,No strong lot-relative anomaly evidence detected.,PASS,0.0499,Supply_Current_ICC_uA,0.9501,0,NOMINAL,False,B_OK,All six parameters are predicted to stay within limits with margin.,PASS
C0878,L017,CMOS_C,PASS,0.2504314516342274,Output_Rise_Time_0h,0,LOW,A_NO_STRONG_EVIDENCE,No strong lot-relative anomaly evidence detected.,PASS,0.1468,Propagation_Delay_ns,0.8532,0,NOMINAL,False,B_OK,All six parameters are predicted to stay within limits with margin.,PASS
C0879,L017,CMOS_C,MONITOR,0.3460629097980625,Output_Fall_Time_0h,1,MEDIUM,A_CROSS_SECTIONAL_EXTREME,Measurement is strongly unusual relative to the component's lot peers.,MONITOR,0.0027,Propagation_Delay_ns,1.147,1,LOW,True,B_UNCERTAIN_EXTRAPOLATION,"Predicted 168 h Propagation_Delay_ns is within limits, but the 0 h input lies outside the training envelope.",MONITOR
C0880,L017,CMOS_C,REJECT,1.0,Output_Rise_Time_168h,8,HIGH,A_CROSS_TEMP_EXTREME,Strong lot-relative evidence in both measurement level and temporal change.,PASS,0.0543,Supply_Current_ICC_uA,0.9457,0,NOMINAL,False,B_OK,All six parameters are predicted to stay within limits with margin.,REJECT
C0881,L017,CMOS_C,PASS,0.1648841762897959,Propagation_Delay_0h,0,LOW,A_NO_STRONG_EVIDENCE,No strong lot-relative anomaly evidence detected.,PASS,0.0883,Supply_Current_ICC_uA,0.9117,0,NOMINAL,False,B_OK,All six parameters are predicted to stay within limits with margin.,PASS
C0882,L017,CMOS_C,PASS,0.1730983058367539,Supply_Current_24h,0,LOW,A_NO_STRONG_EVIDENCE,No strong lot-relative anomaly evidence detected.,PASS,0.0812,Propagation_Delay_ns,0.9188,0,NOMINAL,False,B_OK,All six parameters are predicted to stay within limits with margin.,PASS
C0883,L017,CMOS_C,PASS,0.1542837611590978,Propagation_Delay_24h,0,LOW,A_NO_STRONG_EVIDENCE,No strong lot-relative anomaly evidence detected.,PASS,0.0728,Supply_Current_ICC_uA,0.9272,0,NOMINAL,False,B_OK,All six parameters are predicted to stay within limits with margin.,PASS
C0884,L017,CMOS_C,PASS,0.1675150217597444,Input_Leakage_168h,0,LOW,A_NO_STRONG_EVIDENCE,No strong lot-relative anomaly evidence detected.,PASS,0.0213,Output_Rise_Time_ns,0.9787,0,NOMINAL,False,B_OK,All six parameters are predicted to stay within limits with margin.,PASS
C0885,L017,CMOS_C,PASS,0.2174651241760753,Propagation_Delay_96h,0,LOW,A_NO_STRONG_EVIDENCE,No strong lot-relative anomaly evidence detected.,PASS,0.0902,Supply_Current_ICC_uA,0.9098,0,NOMINAL,False,B_OK,All six parameters are predicted to stay within limits with margin.,PASS
C0886,L017,CMOS_C,PASS,0.228407421567428,Output_Rise_Time_24h,0,LOW,A_NO_STRONG_EVIDENCE,No strong lot-relative anomaly evidence detected.,PASS,0.0688,Propagation_Delay_ns,0.9312,0,NOMINAL,False,B_OK,All six parameters are predicted to stay within limits with margin.,PASS
C0887,L018,CMOS_C,PASS,0.1060134166706094,Supply_Current_96h,0,LOW,A_NO_STRONG_EVIDENCE,No strong lot-relative anomaly evidence detected.,PASS,0.0899,Supply_Current_ICC_uA,0.9101,0,NOMINAL,False,B_OK,All six parameters are predicted to stay within limits with margin.,PASS
C0888,L018,CMOS_C,PASS,0.1624936896559628,IDDQ_0h,0,LOW,A_NO_STRONG_EVIDENCE,No strong lot-relative anomaly evidence detected.,PASS,0.0873,Supply_Current_ICC_uA,0.9127,0,NOMINAL,False,B_OK,All six parameters are predicted to stay within limits with margin.,PASS
C0889,L018,CMOS_C,PASS,0.1535885309503953,Input_Leakage_0h,0,LOW,A_NO_STRONG_EVIDENCE,No strong lot-relative anomaly evidence detected.,PASS,0.0209,Output_Rise_Time_ns,0.9791,0,NOMINAL,False,B_OK,All six parameters are predicted to stay within limits with margin.,PASS
C0890,L018,CMOS_C,MONITOR,0.3083107036795908,Output_Rise_Time_0h,1,MEDIUM,A_TEMPORAL_EXTREME,Temporal change is strongly unusual relative to the component's lot peers.,PASS,0.1019,Supply_Current_ICC_uA,0.8981,0,NOMINAL,False,B_OK,All six parameters are predicted to stay within limits with margin.,MONITOR
C0891,L018,CMOS_C,PASS,0.1811154317620653,Input_Leakage_96h,0,LOW,A_NO_STRONG_EVIDENCE,No strong lot-relative anomaly evidence detected.,PASS,0.0252,Propagation_Delay_ns,0.9748,0,NOMINAL,False,B_OK,All six parameters are predicted to stay within limits with margin.,PASS
C0892,L018,CMOS_C,PASS,0.2471009240443774,Input_Leakage_24h,0,LOW,A_NO_STRONG_EVIDENCE,No strong lot-relative anomaly evidence detected.,PASS,0.0432,Supply_Current_ICC_uA,0.9568,0,NOMINAL,False,B_OK,All six parameters are predicted to stay within limits with margin.,PASS
C0893,L018,CMOS_C,PASS,0.2074104292545985,IDDQ_96h,0,LOW,A_NO_STRONG_EVIDENCE,No strong lot-relative anomaly evidence detected.,PASS,0.0101,Output_Fall_Time_ns,0.9899,0,NOMINAL,False,B_OK,All six parameters are predicted to stay within limits with margin.,PASS
C0894,L018,CMOS_C,PASS,0.1765406248716993,Output_Fall_Time_0h,0,LOW,A_NO_STRONG_EVIDENCE,No strong lot-relative anomaly evidence detected.,PASS,0.001,Input_Leakage_Current_uA,0.999,0,NOMINAL,False,B_OK,All six parameters are predicted to stay within limits with margin.,PASS
C0895,L018,CMOS_C,PASS,0.150140880923037,Output_Rise_Time_96h,0,LOW,A_NO_STRONG_EVIDENCE,No strong lot-relative anomaly evidence detected.,PASS,0.0517,Propagation_Delay_ns,0.9483,0,NOMINAL,False,B_OK,All six parameters are predicted to stay within limits with margin.,PASS
C0896,L018,CMOS_C,PASS,0.2527444132865858,Output_Rise_Time_0h,0,LOW,A_NO_STRONG_EVIDENCE,No strong lot-relative anomaly evidence detected.,PASS,0.0757,Supply_Current_ICC_uA,0.9243,0,NOMINAL,False,B_OK,All six parameters are predicted to stay within limits with margin.,PASS
C0897,L018,CMOS_C,PASS,0.2663327401876331,IDDQ_96h,0,LOW,A_NO_STRONG_EVIDENCE,No strong lot-relative anomaly evidence detected.,PASS,0.0779,Supply_Current_ICC_uA,0.9221,0,NOMINAL,False,B_OK,All six parameters are predicted to stay within limits with margin.,PASS
C0898,L018,CMOS_C,PASS,0.2066483283381938,Supply_Current_96h,0,LOW,A_NO_STRONG_EVIDENCE,No strong lot-relative anomaly evidence detected.,PASS,0.107,Supply_Current_ICC_uA,0.893,0,NOMINAL,False,B_OK,All six parameters are predicted to stay within limits with margin.,PASS
C0899,L018,CMOS_C,PASS,0.1806462207989515,Output_Fall_Time_0h,0,LOW,A_NO_STRONG_EVIDENCE,No strong lot-relative anomaly evidence detected.,PASS,0.0424,Propagation_Delay_ns,0.9576,0,NOMINAL,False,B_OK,All six parameters are predicted to stay within limits with margin.,PASS
C0900,L018,CMOS_C,PASS,0.2077799443238538,Propagation_Delay_0h,0,LOW,A_NO_STRONG_EVIDENCE,No strong lot-relative anomaly evidence detected.,PASS,0.04,Supply_Current_ICC_uA,0.96,0,NOMINAL,False,B_OK,All six parameters are predicted to stay within limits with margin.,PASS
C0901,L018,CMOS_C,PASS,0.2125134653771178,Output_Fall_Time_0h,0,LOW,A_NO_STRONG_EVIDENCE,No strong lot-relative anomaly evidence detected.,PASS,0.0954,Supply_Current_ICC_uA,0.9046,0,NOMINAL,False,B_OK,All six parameters are predicted to stay within limits with margin.,PASS
C0902,L018,CMOS_C,PASS,0.1958955771001585,Output_Fall_Time_96h,0,LOW,A_NO_STRONG_EVIDENCE,No strong lot-relative anomaly evidence detected.,PASS,0.0583,Output_Fall_Time_ns,0.9417,0,NOMINAL,False,B_OK,All six parameters are predicted to stay within limits with margin.,PASS
C0903,L018,CMOS_C,PASS,0.2918052278637245,Output_Fall_Time_96h,0,LOW,A_NO_STRONG_EVIDENCE,No strong lot-relative anomaly evidence detected.,PASS,0.1551,Propagation_Delay_ns,0.8449,0,NOMINAL,False,B_OK,All six parameters are predicted to stay within limits with margin.,PASS
C0904,L018,CMOS_C,PASS,0.239194662985797,Supply_Current_96h,0,LOW,A_NO_STRONG_EVIDENCE,No strong lot-relative anomaly evidence detected.,PASS,0.1658,Supply_Current_ICC_uA,0.8342,0,NOMINAL,False,B_OK,All six parameters are predicted to stay within limits with margin.,PASS
C0905,L018,CMOS_C,PASS,0.2107031135613684,Supply_Current_0h,0,LOW,A_NO_STRONG_EVIDENCE,No strong lot-relative anomaly evidence detected.,PASS,0.0499,Propagation_Delay_ns,0.9501,0,NOMINAL,False,B_OK,All six parameters are predicted to stay within limits with margin.,PASS
C0906,L018,CMOS_C,PASS,0.2766780645829825,Output_Rise_Time_168h,0,LOW,A_NO_STRONG_EVIDENCE,No strong lot-relative anomaly evidence detected.,PASS,0.0947,Propagation_Delay_ns,0.9053,0,NOMINAL,False,B_OK,All six parameters are predicted to stay within limits with margin.,PASS
C0907,L018,CMOS_C,PASS,0.2679585608517779,IDDQ_96h,0,LOW,A_NO_STRONG_EVIDENCE,No strong lot-relative anomaly evidence detected.,PASS,0.0234,Output_Rise_Time_ns,0.9766,0,NOMINAL,False,B_OK,All six parameters are predicted to stay within limits with margin.,PASS
C0908,L018,CMOS_C,REJECT,1.0,Output_Fall_Time_168h,12,HIGH,A_CROSS_TEMP_EXTREME,Strong lot-relative evidence in both measurement level and temporal change.,PASS,0.128,Propagation_Delay_ns,0.872,0,NOMINAL,False,B_OK,All six parameters are predicted to stay within limits with margin.,REJECT
C0909,L018,CMOS_C,REJECT,0.4594159786346242,IDDQ_96h,3,HIGH,A_CROSS_SECTIONAL_EXTREME,Measurement is strongly unusual relative to the component's lot peers.,PASS,0.2089,Supply_Current_ICC_uA,0.7911,0,NOMINAL,False,B_OK,All six parameters are predicted to stay within limits with margin.,REJECT
C0910,L018,CMOS_C,PASS,0.2761697527062756,Input_Leakage_0h,0,LOW,A_NO_STRONG_EVIDENCE,No strong lot-relative anomaly evidence detected.,PASS,0.0864,Propagation_Delay_ns,0.9136,0,NOMINAL,False,B_OK,All six parameters are predicted to stay within limits with margin.,PASS
C0911,L018,CMOS_C,PASS,0.1959309584372846,Output_Rise_Time_96h,0,LOW,A_NO_STRONG_EVIDENCE,No strong lot-relative anomaly evidence detected.,PASS,0.004,IDDQ_uA,0.996,0,NOMINAL,False,B_OK,All six parameters are predicted to stay within limits with margin.,PASS
C0912,L018,CMOS_C,MONITOR,0.3378318934421898,Output_Fall_Time_168h,1,MEDIUM,A_TEMPORAL_EXTREME,Temporal change is strongly unusual relative to the component's lot peers.,PASS,0.0302,Output_Rise_Time_ns,0.9698,0,NOMINAL,False,B_OK,All six parameters are predicted to stay within limits with margin.,MONITOR
C0913,L018,CMOS_C,PASS,0.2140775019208347,Propagation_Delay_0h,0,LOW,A_NO_STRONG_EVIDENCE,No strong lot-relative anomaly evidence detected.,PASS,0.1244,Propagation_Delay_ns,0.8756,0,NOMINAL,False,B_OK,All six parameters are predicted to stay within limits with margin.,PASS
C0914,L018,CMOS_C,PASS,0.2275653825482832,Supply_Current_0h,0,LOW,A_NO_STRONG_EVIDENCE,No strong lot-relative anomaly evidence detected.,PASS,0.07,Propagation_Delay_ns,0.93,0,NOMINAL,False,B_OK,All six parameters are predicted to stay within limits with margin.,PASS
C0915,L018,CMOS_C,PASS,0.1068620125902362,Output_Rise_Time_0h,0,LOW,A_NO_STRONG_EVIDENCE,No strong lot-relative anomaly evidence detected.,PASS,0.0639,Supply_Current_ICC_uA,0.9361,0,NOMINAL,False,B_OK,All six parameters are predicted to stay within limits with margin.,PASS
C0916,L018,CMOS_C,PASS,0.2822090799909401,Supply_Current_0h,0,LOW,A_NO_STRONG_EVIDENCE,No strong lot-relative anomaly evidence detected.,PASS,0.2201,Supply_Current_ICC_uA,0.7799,0,NOMINAL,False,B_OK,All six parameters are predicted to stay within limits with margin.,PASS
C0917,L018,CMOS_C,PASS,0.1297220126549438,Input_Leakage_24h,0,LOW,A_NO_STRONG_EVIDENCE,No strong lot-relative anomaly evidence detected.,PASS,0.0384,Supply_Current_ICC_uA,0.9616,0,NOMINAL,False,B_OK,All six parameters are predicted to stay within limits with margin.,PASS
C0918,L018,CMOS_C,PASS,0.1706156811051457,Input_Leakage_96h,0,LOW,A_NO_STRONG_EVIDENCE,No strong lot-relative anomaly evidence detected.,PASS,0.1314,Propagation_Delay_ns,0.8686,0,NOMINAL,False,B_OK,All six parameters are predicted to stay within limits with margin.,PASS
C0919,L018,CMOS_C,PASS,0.2530905211110871,IDDQ_96h,0,LOW,A_NO_STRONG_EVIDENCE,No strong lot-relative anomaly evidence detected.,PASS,0.1545,Propagation_Delay_ns,0.8455,0,NOMINAL,False,B_OK,All six parameters are predicted to stay within limits with margin.,PASS
C0920,L018,CMOS_C,PASS,0.1488180771343742,Propagation_Delay_96h,0,LOW,A_NO_STRONG_EVIDENCE,No strong lot-relative anomaly evidence detected.,PASS,0.0007,IDDQ_uA,0.9993,0,NOMINAL,False,B_OK,All six parameters are predicted to stay within limits with margin.,PASS
C0921,L018,CMOS_C,PASS,0.2553223654906553,Supply_Current_0h,0,LOW,A_NO_STRONG_EVIDENCE,No strong lot-relative anomaly evidence detected.,PASS,0.2143,Supply_Current_ICC_uA,0.7857,0,NOMINAL,False,B_OK,All six parameters are predicted to stay within limits with margin.,PASS
C0922,L018,CMOS_C,REJECT,1.0,IDDQ_96h,14,HIGH,A_CROSS_TEMP_EXTREME,Strong lot-relative evidence in both measurement level and temporal change.,REJECT,1.0,Supply_Current_ICC_uA,-0.2766,1,LOW,True,B_LIMIT_CROSS_PREDICTED,Predicted 168 h Supply_Current_ICC_uA of 564.934 uA exceeds the 500.0 uA limit for CMOS_C.,REJECT
C0923,L018,CMOS_C,PASS,0.2960598778098867,Output_Fall_Time_96h,0,LOW,A_NO_STRONG_EVIDENCE,No strong lot-relative anomaly evidence detected.,PASS,0.1399,Propagation_Delay_ns,0.8601,0,NOMINAL,False,B_OK,All six parameters are predicted to stay within limits with margin.,PASS
C0924,L018,CMOS_C,PASS,0.200464547325023,Output_Rise_Time_168h,0,LOW,A_NO_STRONG_EVIDENCE,No strong lot-relative anomaly evidence detected.,PASS,0.1749,Supply_Current_ICC_uA,0.8251,0,NOMINAL,False,B_OK,All six parameters are predicted to stay within limits with margin.,PASS
C0925,L018,CMOS_C,PASS,0.2349045460127907,Output_Rise_Time_24h,0,LOW,A_NO_STRONG_EVIDENCE,No strong lot-relative anomaly evidence detected.,PASS,0.0559,Propagation_Delay_ns,0.9441,0,NOMINAL,False,B_OK,All six parameters are predicted to stay within limits with margin.,PASS
C0926,L018,CMOS_C,PASS,0.1911163724839434,Propagation_Delay_24h,0,LOW,A_NO_STRONG_EVIDENCE,No strong lot-relative anomaly evidence detected.,PASS,0.2001,Propagation_Delay_ns,0.7999,0,NOMINAL,False,B_OK,All six parameters are predicted to stay within limits with margin.,PASS
C0927,L018,CMOS_C,PASS,0.2266948954732495,Input_Leakage_0h,0,LOW,A_NO_STRONG_EVIDENCE,No strong lot-relative anomaly evidence detected.,PASS,0.027,Propagation_Delay_ns,0.973,0,NOMINAL,False,B_OK,All six parameters are predicted to stay within limits with margin.,PASS
C0928,L018,CMOS_C,PASS,0.2803535504607062,Input_Leakage_96h,0,LOW,A_NO_STRONG_EVIDENCE,No strong lot-relative anomaly evidence detected.,PASS,0.0555,Supply_Current_ICC_uA,0.9445,0,NOMINAL,False,B_OK,All six parameters are predicted to stay within limits with margin.,PASS
C0929,L018,CMOS_C,PASS,0.2447791007184356,Output_Rise_Time_24h,0,LOW,A_NO_STRONG_EVIDENCE,No strong lot-relative anomaly evidence detected.,PASS,0.1814,Propagation_Delay_ns,0.8186,0,NOMINAL,False,B_OK,All six parameters are predicted to stay within limits with margin.,PASS
C0930,L018,CMOS_C,PASS,0.1366786183257786,IDDQ_96h,0,LOW,A_NO_STRONG_EVIDENCE,No strong lot-relative anomaly evidence detected.,PASS,0.039,Output_Fall_Time_ns,0.961,0,NOMINAL,False,B_OK,All six parameters are predicted to stay within limits with margin.,PASS
C0931,L018,CMOS_C,PASS,0.1591246336288831,Propagation_Delay_0h,0,LOW,A_NO_STRONG_EVIDENCE,No strong lot-relative anomaly evidence detected.,PASS,0.1619,Propagation_Delay_ns,0.8381,0,NOMINAL,False,B_OK,All six parameters are predicted to stay within limits with margin.,PASS
C0932,L018,CMOS_C,PASS,0.2641200761539156,Output_Rise_Time_168h,0,LOW,A_NO_STRONG_EVIDENCE,No strong lot-relative anomaly evidence detected.,PASS,0.1384,Propagation_Delay_ns,0.8616,0,NOMINAL,False,B_OK,All six parameters are predicted to stay within limits with margin.,PASS
C0933,L018,CMOS_C,PASS,0.1604162553679851,Input_Leakage_96h,0,LOW,A_NO_STRONG_EVIDENCE,No strong lot-relative anomaly evidence detected.,PASS,0.076,Supply_Current_ICC_uA,0.924,0,NOMINAL,False,B_OK,All six parameters are predicted to stay within limits with margin.,PASS
