component_id,lot_id,device_variant,disposition_B,risk_B,driving_parameter,driving_headroom_frac,n_params_predicted,n_params_flagged,confidence,extrapolation_flag,reason_code,reason_text,contract_version,model_bundle_version,feature_set_version,train_data_version,generator_seed,split_version,inputs_max_epoch_h,run_id,predicted_at
C0218,L005,CMOS_A,PASS,0.0039,Output_Fall_Time_ns,0.9961,6,0,NOMINAL,False,B_OK,All six parameters are predicted to stay within limits with margin.,b1-contract-0.6,b1-v0.3,fs-0h24h-lot-v2,SIH26170-MOCK-02,26172,LOTSPLIT-03,24,b1_2026-09-11T1024Z_8ccc16,2026-09-11T10:24:15+00:00
C0219,L005,CMOS_A,PASS,0.019,Output_Rise_Time_ns,0.981,6,0,NOMINAL,False,B_OK,All six parameters are predicted to stay within limits with margin.,b1-contract-0.6,b1-v0.3,fs-0h24h-lot-v2,SIH26170-MOCK-02,26172,LOTSPLIT-03,24,b1_2026-09-11T1024Z_8ccc16,2026-09-11T10:24:15+00:00
C0220,L005,CMOS_A,PASS,0.0355,Output_Rise_Time_ns,0.9645,6,0,NOMINAL,False,B_OK,All six parameters are predicted to stay within limits with margin.,b1-contract-0.6,b1-v0.3,fs-0h24h-lot-v2,SIH26170-MOCK-02,26172,LOTSPLIT-03,24,b1_2026-09-11T1024Z_8ccc16,2026-09-11T10:24:15+00:00
C0221,L005,CMOS_A,PASS,0.0261,Output_Rise_Time_ns,0.9739,6,0,NOMINAL,False,B_OK,All six parameters are predicted to stay within limits with margin.,b1-contract-0.6,b1-v0.3,fs-0h24h-lot-v2,SIH26170-MOCK-02,26172,LOTSPLIT-03,24,b1_2026-09-11T1024Z_8ccc16,2026-09-11T10:24:15+00:00
C0222,L005,CMOS_A,PASS,0.0162,Output_Fall_Time_ns,0.9838,6,0,NOMINAL,False,B_OK,All six parameters are predicted to stay within limits with margin.,b1-contract-0.6,b1-v0.3,fs-0h24h-lot-v2,SIH26170-MOCK-02,26172,LOTSPLIT-03,24,b1_2026-09-11T1024Z_8ccc16,2026-09-11T10:24:15+00:00
C0223,L005,CMOS_A,PASS,0.1241,Supply_Current_ICC_uA,0.8759,6,0,NOMINAL,False,B_OK,All six parameters are predicted to stay within limits with margin.,b1-contract-0.6,b1-v0.3,fs-0h24h-lot-v2,SIH26170-MOCK-02,26172,LOTSPLIT-03,24,b1_2026-09-11T1024Z_8ccc16,2026-09-11T10:24:15+00:00
C0224,L005,CMOS_A,PASS,0.1418,Supply_Current_ICC_uA,0.8582,6,0,NOMINAL,False,B_OK,All six parameters are predicted to stay within limits with margin.,b1-contract-0.6,b1-v0.3,fs-0h24h-lot-v2,SIH26170-MOCK-02,26172,LOTSPLIT-03,24,b1_2026-09-11T1024Z_8ccc16,2026-09-11T10:24:15+00:00
C0225,L005,CMOS_A,PASS,0.0697,Supply_Current_ICC_uA,0.9303,6,0,NOMINAL,False,B_OK,All six parameters are predicted to stay within limits with margin.,b1-contract-0.6,b1-v0.3,fs-0h24h-lot-v2,SIH26170-MOCK-02,26172,LOTSPLIT-03,24,b1_2026-09-11T1024Z_8ccc16,2026-09-11T10:24:15+00:00
C0226,L005,CMOS_A,MONITOR,0.0751,Output_Rise_Time_ns,0.9249,6,1,LOW,True,B_UNCERTAIN_EXTRAPOLATION,"Predicted 168 h Output_Rise_Time_ns is within limits, but the 0 h input lies outside the training envelope.",b1-contract-0.6,b1-v0.3,fs-0h24h-lot-v2,SIH26170-MOCK-02,26172,LOTSPLIT-03,24,b1_2026-09-11T1024Z_8ccc16,2026-09-11T10:24:15+00:00
C0227,L005,CMOS_A,PASS,0.0136,IDDQ_uA,0.9864,6,0,NOMINAL,False,B_OK,All six parameters are predicted to stay within limits with margin.,b1-contract-0.6,b1-v0.3,fs-0h24h-lot-v2,SIH26170-MOCK-02,26172,LOTSPLIT-03,24,b1_2026-09-11T1024Z_8ccc16,2026-09-11T10:24:15+00:00
C0228,L005,CMOS_A,MONITOR,0.0857,Output_Rise_Time_ns,0.9143,6,1,LOW,True,B_UNCERTAIN_EXTRAPOLATION,"Predicted 168 h Output_Rise_Time_ns is within limits, but the 0 h input lies outside the training envelope.",b1-contract-0.6,b1-v0.3,fs-0h24h-lot-v2,SIH26170-MOCK-02,26172,LOTSPLIT-03,24,b1_2026-09-11T1024Z_8ccc16,2026-09-11T10:24:15+00:00
C0229,L005,CMOS_A,PASS,0.064,Output_Fall_Time_ns,0.936,6,0,NOMINAL,False,B_OK,All six parameters are predicted to stay within limits with margin.,b1-contract-0.6,b1-v0.3,fs-0h24h-lot-v2,SIH26170-MOCK-02,26172,LOTSPLIT-03,24,b1_2026-09-11T1024Z_8ccc16,2026-09-11T10:24:15+00:00
C0230,L005,CMOS_A,PASS,0.0312,Supply_Current_ICC_uA,0.9688,6,0,NOMINAL,False,B_OK,All six parameters are predicted to stay within limits with margin.,b1-contract-0.6,b1-v0.3,fs-0h24h-lot-v2,SIH26170-MOCK-02,26172,LOTSPLIT-03,24,b1_2026-09-11T1024Z_8ccc16,2026-09-11T10:24:15+00:00
C0231,L005,CMOS_A,MONITOR,0.1516,Output_Rise_Time_ns,0.9206,6,1,LOW,True,B_UNCERTAIN_EXTRAPOLATION,"Predicted 168 h Output_Rise_Time_ns is within limits, but the 0 h input lies outside the training envelope.",b1-contract-0.6,b1-v0.3,fs-0h24h-lot-v2,SIH26170-MOCK-02,26172,LOTSPLIT-03,24,b1_2026-09-11T1024Z_8ccc16,2026-09-11T10:24:15+00:00
C0232,L005,CMOS_A,PASS,0.0331,Propagation_Delay_ns,0.9669,6,0,NOMINAL,False,B_OK,All six parameters are predicted to stay within limits with margin.,b1-contract-0.6,b1-v0.3,fs-0h24h-lot-v2,SIH26170-MOCK-02,26172,LOTSPLIT-03,24,b1_2026-09-11T1024Z_8ccc16,2026-09-11T10:24:15+00:00
C0233,L005,CMOS_A,PASS,0.0551,Output_Fall_Time_ns,0.9449,6,0,NOMINAL,False,B_OK,All six parameters are predicted to stay within limits with margin.,b1-contract-0.6,b1-v0.3,fs-0h24h-lot-v2,SIH26170-MOCK-02,26172,LOTSPLIT-03,24,b1_2026-09-11T1024Z_8ccc16,2026-09-11T10:24:15+00:00
C0234,L005,CMOS_A,PASS,0.0696,Output_Fall_Time_ns,0.9304,6,0,NOMINAL,False,B_OK,All six parameters are predicted to stay within limits with margin.,b1-contract-0.6,b1-v0.3,fs-0h24h-lot-v2,SIH26170-MOCK-02,26172,LOTSPLIT-03,24,b1_2026-09-11T1024Z_8ccc16,2026-09-11T10:24:15+00:00
C0235,L005,CMOS_A,PASS,0.2057,Supply_Current_ICC_uA,0.7943,6,0,NOMINAL,False,B_OK,All six parameters are predicted to stay within limits with margin.,b1-contract-0.6,b1-v0.3,fs-0h24h-lot-v2,SIH26170-MOCK-02,26172,LOTSPLIT-03,24,b1_2026-09-11T1024Z_8ccc16,2026-09-11T10:24:15+00:00
C0236,L005,CMOS_A,PASS,0.0819,Output_Fall_Time_ns,0.9181,6,0,NOMINAL,False,B_OK,All six parameters are predicted to stay within limits with margin.,b1-contract-0.6,b1-v0.3,fs-0h24h-lot-v2,SIH26170-MOCK-02,26172,LOTSPLIT-03,24,b1_2026-09-11T1024Z_8ccc16,2026-09-11T10:24:15+00:00
C0237,L005,CMOS_A,PASS,0.0677,Supply_Current_ICC_uA,0.9323,6,0,NOMINAL,False,B_OK,All six parameters are predicted to stay within limits with margin.,b1-contract-0.6,b1-v0.3,fs-0h24h-lot-v2,SIH26170-MOCK-02,26172,LOTSPLIT-03,24,b1_2026-09-11T1024Z_8ccc16,2026-09-11T10:24:15+00:00
C0238,L005,CMOS_A,PASS,0.0073,Input_Leakage_Current_uA,0.9927,6,0,NOMINAL,False,B_OK,All six parameters are predicted to stay within limits with margin.,b1-contract-0.6,b1-v0.3,fs-0h24h-lot-v2,SIH26170-MOCK-02,26172,LOTSPLIT-03,24,b1_2026-09-11T1024Z_8ccc16,2026-09-11T10:24:15+00:00
C0239,L005,CMOS_A,PASS,0.0565,Output_Rise_Time_ns,0.9435,6,0,NOMINAL,False,B_OK,All six parameters are predicted to stay within limits with margin.,b1-contract-0.6,b1-v0.3,fs-0h24h-lot-v2,SIH26170-MOCK-02,26172,LOTSPLIT-03,24,b1_2026-09-11T1024Z_8ccc16,2026-09-11T10:24:15+00:00
C0240,L005,CMOS_A,PASS,0.0343,Output_Rise_Time_ns,0.9657,6,0,NOMINAL,False,B_OK,All six parameters are predicted to stay within limits with margin.,b1-contract-0.6,b1-v0.3,fs-0h24h-lot-v2,SIH26170-MOCK-02,26172,LOTSPLIT-03,24,b1_2026-09-11T1024Z_8ccc16,2026-09-11T10:24:15+00:00
C0241,L005,CMOS_A,PASS,0.034,Supply_Current_ICC_uA,0.966,6,0,NOMINAL,False,B_OK,All six parameters are predicted to stay within limits with margin.,b1-contract-0.6,b1-v0.3,fs-0h24h-lot-v2,SIH26170-MOCK-02,26172,LOTSPLIT-03,24,b1_2026-09-11T1024Z_8ccc16,2026-09-11T10:24:15+00:00
C0242,L005,CMOS_A,MONITOR,0.0573,Output_Rise_Time_ns,0.9427,6,1,LOW,True,B_UNCERTAIN_EXTRAPOLATION,"Predicted 168 h Output_Rise_Time_ns is within limits, but the 0 h input lies outside the training envelope.",b1-contract-0.6,b1-v0.3,fs-0h24h-lot-v2,SIH26170-MOCK-02,26172,LOTSPLIT-03,24,b1_2026-09-11T1024Z_8ccc16,2026-09-11T10:24:15+00:00
C0243,L005,CMOS_A,PASS,0.1642,Supply_Current_ICC_uA,0.8358,6,0,NOMINAL,False,B_OK,All six parameters are predicted to stay within limits with margin.,b1-contract-0.6,b1-v0.3,fs-0h24h-lot-v2,SIH26170-MOCK-02,26172,LOTSPLIT-03,24,b1_2026-09-11T1024Z_8ccc16,2026-09-11T10:24:15+00:00
C0244,L005,CMOS_A,PASS,0.1663,Supply_Current_ICC_uA,0.8337,6,0,NOMINAL,False,B_OK,All six parameters are predicted to stay within limits with margin.,b1-contract-0.6,b1-v0.3,fs-0h24h-lot-v2,SIH26170-MOCK-02,26172,LOTSPLIT-03,24,b1_2026-09-11T1024Z_8ccc16,2026-09-11T10:24:15+00:00
C0245,L005,CMOS_A,PASS,0.0,IDDQ_uA,1.0002,6,0,NOMINAL,False,B_OK,All six parameters are predicted to stay within limits with margin.,b1-contract-0.6,b1-v0.3,fs-0h24h-lot-v2,SIH26170-MOCK-02,26172,LOTSPLIT-03,24,b1_2026-09-11T1024Z_8ccc16,2026-09-11T10:24:15+00:00
C0246,L005,CMOS_A,PASS,0.0668,Supply_Current_ICC_uA,0.9332,6,0,NOMINAL,False,B_OK,All six parameters are predicted to stay within limits with margin.,b1-contract-0.6,b1-v0.3,fs-0h24h-lot-v2,SIH26170-MOCK-02,26172,LOTSPLIT-03,24,b1_2026-09-11T1024Z_8ccc16,2026-09-11T10:24:15+00:00
C0247,L005,CMOS_A,PASS,0.1281,Supply_Current_ICC_uA,0.8719,6,0,NOMINAL,False,B_OK,All six parameters are predicted to stay within limits with margin.,b1-contract-0.6,b1-v0.3,fs-0h24h-lot-v2,SIH26170-MOCK-02,26172,LOTSPLIT-03,24,b1_2026-09-11T1024Z_8ccc16,2026-09-11T10:24:15+00:00
C0248,L005,CMOS_A,PASS,0.0,Input_Leakage_Current_uA,1.0014,6,0,NOMINAL,False,B_OK,All six parameters are predicted to stay within limits with margin.,b1-contract-0.6,b1-v0.3,fs-0h24h-lot-v2,SIH26170-MOCK-02,26172,LOTSPLIT-03,24,b1_2026-09-11T1024Z_8ccc16,2026-09-11T10:24:15+00:00
C0249,L005,CMOS_A,PASS,0.0462,Output_Rise_Time_ns,0.9538,6,0,NOMINAL,False,B_OK,All six parameters are predicted to stay within limits with margin.,b1-contract-0.6,b1-v0.3,fs-0h24h-lot-v2,SIH26170-MOCK-02,26172,LOTSPLIT-03,24,b1_2026-09-11T1024Z_8ccc16,2026-09-11T10:24:15+00:00
C0250,L005,CMOS_A,PASS,0.2321,Supply_Current_ICC_uA,0.7679,6,0,NOMINAL,False,B_OK,All six parameters are predicted to stay within limits with margin.,b1-contract-0.6,b1-v0.3,fs-0h24h-lot-v2,SIH26170-MOCK-02,26172,LOTSPLIT-03,24,b1_2026-09-11T1024Z_8ccc16,2026-09-11T10:24:15+00:00
C0251,L005,CMOS_A,PASS,0.0033,IDDQ_uA,0.9967,6,0,NOMINAL,False,B_OK,All six parameters are predicted to stay within limits with margin.,b1-contract-0.6,b1-v0.3,fs-0h24h-lot-v2,SIH26170-MOCK-02,26172,LOTSPLIT-03,24,b1_2026-09-11T1024Z_8ccc16,2026-09-11T10:24:15+00:00
C0252,L005,CMOS_A,MONITOR,0.04,Output_Rise_Time_ns,0.96,6,1,LOW,True,B_UNCERTAIN_EXTRAPOLATION,"Predicted 168 h Output_Rise_Time_ns is within limits, but the 0 h input lies outside the training envelope.",b1-contract-0.6,b1-v0.3,fs-0h24h-lot-v2,SIH26170-MOCK-02,26172,LOTSPLIT-03,24,b1_2026-09-11T1024Z_8ccc16,2026-09-11T10:24:15+00:00
C0253,L005,CMOS_A,PASS,0.0673,Supply_Current_ICC_uA,0.9327,6,0,NOMINAL,False,B_OK,All six parameters are predicted to stay within limits with margin.,b1-contract-0.6,b1-v0.3,fs-0h24h-lot-v2,SIH26170-MOCK-02,26172,LOTSPLIT-03,24,b1_2026-09-11T1024Z_8ccc16,2026-09-11T10:24:15+00:00
C0254,L005,CMOS_A,PASS,0.0518,Output_Fall_Time_ns,0.9482,6,0,NOMINAL,False,B_OK,All six parameters are predicted to stay within limits with margin.,b1-contract-0.6,b1-v0.3,fs-0h24h-lot-v2,SIH26170-MOCK-02,26172,LOTSPLIT-03,24,b1_2026-09-11T1024Z_8ccc16,2026-09-11T10:24:15+00:00
C0255,L005,CMOS_A,PASS,0.1684,Supply_Current_ICC_uA,0.8316,6,0,NOMINAL,False,B_OK,All six parameters are predicted to stay within limits with margin.,b1-contract-0.6,b1-v0.3,fs-0h24h-lot-v2,SIH26170-MOCK-02,26172,LOTSPLIT-03,24,b1_2026-09-11T1024Z_8ccc16,2026-09-11T10:24:15+00:00
C0256,L005,CMOS_A,PASS,0.1598,Supply_Current_ICC_uA,0.8402,6,0,NOMINAL,False,B_OK,All six parameters are predicted to stay within limits with margin.,b1-contract-0.6,b1-v0.3,fs-0h24h-lot-v2,SIH26170-MOCK-02,26172,LOTSPLIT-03,24,b1_2026-09-11T1024Z_8ccc16,2026-09-11T10:24:15+00:00
C0257,L005,CMOS_A,PASS,0.0321,Propagation_Delay_ns,0.9679,6,0,NOMINAL,False,B_OK,All six parameters are predicted to stay within limits with margin.,b1-contract-0.6,b1-v0.3,fs-0h24h-lot-v2,SIH26170-MOCK-02,26172,LOTSPLIT-03,24,b1_2026-09-11T1024Z_8ccc16,2026-09-11T10:24:15+00:00
C0258,L005,CMOS_A,MONITOR,0.0775,Output_Rise_Time_ns,0.9225,6,1,LOW,True,B_UNCERTAIN_EXTRAPOLATION,"Predicted 168 h Output_Rise_Time_ns is within limits, but the 0 h input lies outside the training envelope.",b1-contract-0.6,b1-v0.3,fs-0h24h-lot-v2,SIH26170-MOCK-02,26172,LOTSPLIT-03,24,b1_2026-09-11T1024Z_8ccc16,2026-09-11T10:24:15+00:00
C0259,L005,CMOS_A,PASS,0.0082,Input_Leakage_Current_uA,0.9918,6,0,NOMINAL,False,B_OK,All six parameters are predicted to stay within limits with margin.,b1-contract-0.6,b1-v0.3,fs-0h24h-lot-v2,SIH26170-MOCK-02,26172,LOTSPLIT-03,24,b1_2026-09-11T1024Z_8ccc16,2026-09-11T10:24:15+00:00
C0260,L005,CMOS_A,MONITOR,0.9448,Supply_Current_ICC_uA,0.0552,6,3,LOW,True,B_MARGIN_LOW,Predicted 168 h Supply_Current_ICC_uA leaves only 5.5% of the headroom between the lot baseline and the 700.0 uA limit.,b1-contract-0.6,b1-v0.3,fs-0h24h-lot-v2,SIH26170-MOCK-02,26172,LOTSPLIT-03,24,b1_2026-09-11T1024Z_8ccc16,2026-09-11T10:24:15+00:00
C0261,L005,CMOS_A,PASS,0.0204,Output_Fall_Time_ns,0.9796,6,0,NOMINAL,False,B_OK,All six parameters are predicted to stay within limits with margin.,b1-contract-0.6,b1-v0.3,fs-0h24h-lot-v2,SIH26170-MOCK-02,26172,LOTSPLIT-03,24,b1_2026-09-11T1024Z_8ccc16,2026-09-11T10:24:15+00:00
C0262,L005,CMOS_A,PASS,0.065,Supply_Current_ICC_uA,0.935,6,0,NOMINAL,False,B_OK,All six parameters are predicted to stay within limits with margin.,b1-contract-0.6,b1-v0.3,fs-0h24h-lot-v2,SIH26170-MOCK-02,26172,LOTSPLIT-03,24,b1_2026-09-11T1024Z_8ccc16,2026-09-11T10:24:15+00:00
C0263,L005,CMOS_A,PASS,0.1209,Supply_Current_ICC_uA,0.8791,6,0,NOMINAL,False,B_OK,All six parameters are predicted to stay within limits with margin.,b1-contract-0.6,b1-v0.3,fs-0h24h-lot-v2,SIH26170-MOCK-02,26172,LOTSPLIT-03,24,b1_2026-09-11T1024Z_8ccc16,2026-09-11T10:24:15+00:00
C0264,L005,CMOS_A,PASS,0.0091,Input_Leakage_Current_uA,0.9909,6,0,NOMINAL,False,B_OK,All six parameters are predicted to stay within limits with margin.,b1-contract-0.6,b1-v0.3,fs-0h24h-lot-v2,SIH26170-MOCK-02,26172,LOTSPLIT-03,24,b1_2026-09-11T1024Z_8ccc16,2026-09-11T10:24:15+00:00
C0265,L005,CMOS_A,PASS,0.1917,Supply_Current_ICC_uA,0.8083,6,0,NOMINAL,False,B_OK,All six parameters are predicted to stay within limits with margin.,b1-contract-0.6,b1-v0.3,fs-0h24h-lot-v2,SIH26170-MOCK-02,26172,LOTSPLIT-03,24,b1_2026-09-11T1024Z_8ccc16,2026-09-11T10:24:15+00:00
C0266,L005,CMOS_A,MONITOR,0.0997,Output_Rise_Time_ns,0.9529,6,1,LOW,True,B_UNCERTAIN_EXTRAPOLATION,"Predicted 168 h Output_Rise_Time_ns is within limits, but the 0 h input lies outside the training envelope.",b1-contract-0.6,b1-v0.3,fs-0h24h-lot-v2,SIH26170-MOCK-02,26172,LOTSPLIT-03,24,b1_2026-09-11T1024Z_8ccc16,2026-09-11T10:24:15+00:00
C0267,L005,CMOS_A,PASS,0.1196,Supply_Current_ICC_uA,0.8804,6,0,NOMINAL,False,B_OK,All six parameters are predicted to stay within limits with margin.,b1-contract-0.6,b1-v0.3,fs-0h24h-lot-v2,SIH26170-MOCK-02,26172,LOTSPLIT-03,24,b1_2026-09-11T1024Z_8ccc16,2026-09-11T10:24:15+00:00
C0268,L005,CMOS_A,PASS,0.0333,Supply_Current_ICC_uA,0.9667,6,0,NOMINAL,False,B_OK,All six parameters are predicted to stay within limits with margin.,b1-contract-0.6,b1-v0.3,fs-0h24h-lot-v2,SIH26170-MOCK-02,26172,LOTSPLIT-03,24,b1_2026-09-11T1024Z_8ccc16,2026-09-11T10:24:15+00:00
C0269,L005,CMOS_A,PASS,0.2551,Supply_Current_ICC_uA,0.7449,6,0,NOMINAL,False,B_OK,All six parameters are predicted to stay within limits with margin.,b1-contract-0.6,b1-v0.3,fs-0h24h-lot-v2,SIH26170-MOCK-02,26172,LOTSPLIT-03,24,b1_2026-09-11T1024Z_8ccc16,2026-09-11T10:24:15+00:00
C0270,L005,CMOS_A,PASS,0.099,Supply_Current_ICC_uA,0.901,6,0,NOMINAL,False,B_OK,All six parameters are predicted to stay within limits with margin.,b1-contract-0.6,b1-v0.3,fs-0h24h-lot-v2,SIH26170-MOCK-02,26172,LOTSPLIT-03,24,b1_2026-09-11T1024Z_8ccc16,2026-09-11T10:24:15+00:00
C0271,L005,CMOS_A,PASS,0.0371,Output_Rise_Time_ns,0.9629,6,0,NOMINAL,False,B_OK,All six parameters are predicted to stay within limits with margin.,b1-contract-0.6,b1-v0.3,fs-0h24h-lot-v2,SIH26170-MOCK-02,26172,LOTSPLIT-03,24,b1_2026-09-11T1024Z_8ccc16,2026-09-11T10:24:15+00:00
C0272,L005,CMOS_A,PASS,0.0726,Supply_Current_ICC_uA,0.9274,6,0,NOMINAL,False,B_OK,All six parameters are predicted to stay within limits with margin.,b1-contract-0.6,b1-v0.3,fs-0h24h-lot-v2,SIH26170-MOCK-02,26172,LOTSPLIT-03,24,b1_2026-09-11T1024Z_8ccc16,2026-09-11T10:24:15+00:00
C0273,L005,CMOS_A,PASS,0.0956,Supply_Current_ICC_uA,0.9044,6,0,NOMINAL,False,B_OK,All six parameters are predicted to stay within limits with margin.,b1-contract-0.6,b1-v0.3,fs-0h24h-lot-v2,SIH26170-MOCK-02,26172,LOTSPLIT-03,24,b1_2026-09-11T1024Z_8ccc16,2026-09-11T10:24:15+00:00
C0274,L006,CMOS_A,MONITOR,0.1121,Output_Rise_Time_ns,0.9774,6,1,LOW,True,B_UNCERTAIN_EXTRAPOLATION,"Predicted 168 h Output_Rise_Time_ns is within limits, but the 0 h input lies outside the training envelope.",b1-contract-0.6,b1-v0.3,fs-0h24h-lot-v2,SIH26170-MOCK-02,26172,LOTSPLIT-03,24,b1_2026-09-11T1024Z_8ccc16,2026-09-11T10:24:15+00:00
C0275,L006,CMOS_A,MONITOR,0.158,Output_Rise_Time_ns,0.9857,6,1,LOW,True,B_UNCERTAIN_EXTRAPOLATION,"Predicted 168 h Output_Rise_Time_ns is within limits, but the 0 h input lies outside the training envelope.",b1-contract-0.6,b1-v0.3,fs-0h24h-lot-v2,SIH26170-MOCK-02,26172,LOTSPLIT-03,24,b1_2026-09-11T1024Z_8ccc16,2026-09-11T10:24:15+00:00
C0276,L006,CMOS_A,MONITOR,0.0589,Output_Rise_Time_ns,0.9411,6,1,LOW,True,B_UNCERTAIN_EXTRAPOLATION,"Predicted 168 h Output_Rise_Time_ns is within limits, but the 0 h input lies outside the training envelope.",b1-contract-0.6,b1-v0.3,fs-0h24h-lot-v2,SIH26170-MOCK-02,26172,LOTSPLIT-03,24,b1_2026-09-11T1024Z_8ccc16,2026-09-11T10:24:15+00:00
C0277,L006,CMOS_A,PASS,0.0335,Propagation_Delay_ns,0.9665,6,0,NOMINAL,False,B_OK,All six parameters are predicted to stay within limits with margin.,b1-contract-0.6,b1-v0.3,fs-0h24h-lot-v2,SIH26170-MOCK-02,26172,LOTSPLIT-03,24,b1_2026-09-11T1024Z_8ccc16,2026-09-11T10:24:15+00:00
C0278,L006,CMOS_A,MONITOR,0.1698,Output_Rise_Time_ns,0.9595,6,1,LOW,True,B_UNCERTAIN_EXTRAPOLATION,"Predicted 168 h Output_Rise_Time_ns is within limits, but the 0 h input lies outside the training envelope.",b1-contract-0.6,b1-v0.3,fs-0h24h-lot-v2,SIH26170-MOCK-02,26172,LOTSPLIT-03,24,b1_2026-09-11T1024Z_8ccc16,2026-09-11T10:24:15+00:00
C0279,L006,CMOS_A,PASS,0.2107,Supply_Current_ICC_uA,0.7893,6,0,NOMINAL,False,B_OK,All six parameters are predicted to stay within limits with margin.,b1-contract-0.6,b1-v0.3,fs-0h24h-lot-v2,SIH26170-MOCK-02,26172,LOTSPLIT-03,24,b1_2026-09-11T1024Z_8ccc16,2026-09-11T10:24:15+00:00
C0280,L006,CMOS_A,PASS,0.1622,Supply_Current_ICC_uA,0.8378,6,0,NOMINAL,False,B_OK,All six parameters are predicted to stay within limits with margin.,b1-contract-0.6,b1-v0.3,fs-0h24h-lot-v2,SIH26170-MOCK-02,26172,LOTSPLIT-03,24,b1_2026-09-11T1024Z_8ccc16,2026-09-11T10:24:15+00:00
C0281,L006,CMOS_A,PASS,0.0108,Output_Fall_Time_ns,0.9892,6,0,NOMINAL,False,B_OK,All six parameters are predicted to stay within limits with margin.,b1-contract-0.6,b1-v0.3,fs-0h24h-lot-v2,SIH26170-MOCK-02,26172,LOTSPLIT-03,24,b1_2026-09-11T1024Z_8ccc16,2026-09-11T10:24:15+00:00
C0282,L006,CMOS_A,MONITOR,0.0513,Output_Rise_Time_ns,0.9879,6,1,LOW,True,B_UNCERTAIN_EXTRAPOLATION,"Predicted 168 h Output_Rise_Time_ns is within limits, but the 0 h input lies outside the training envelope.",b1-contract-0.6,b1-v0.3,fs-0h24h-lot-v2,SIH26170-MOCK-02,26172,LOTSPLIT-03,24,b1_2026-09-11T1024Z_8ccc16,2026-09-11T10:24:15+00:00
C0283,L006,CMOS_A,PASS,0.0214,Input_Leakage_Current_uA,0.9786,6,0,NOMINAL,False,B_OK,All six parameters are predicted to stay within limits with margin.,b1-contract-0.6,b1-v0.3,fs-0h24h-lot-v2,SIH26170-MOCK-02,26172,LOTSPLIT-03,24,b1_2026-09-11T1024Z_8ccc16,2026-09-11T10:24:15+00:00
C0284,L006,CMOS_A,MONITOR,0.0369,Output_Rise_Time_ns,0.969,6,1,LOW,True,B_UNCERTAIN_EXTRAPOLATION,"Predicted 168 h Output_Rise_Time_ns is within limits, but the 0 h input lies outside the training envelope.",b1-contract-0.6,b1-v0.3,fs-0h24h-lot-v2,SIH26170-MOCK-02,26172,LOTSPLIT-03,24,b1_2026-09-11T1024Z_8ccc16,2026-09-11T10:24:15+00:00
C0285,L006,CMOS_A,PASS,0.0142,Input_Leakage_Current_uA,0.9858,6,0,NOMINAL,False,B_OK,All six parameters are predicted to stay within limits with margin.,b1-contract-0.6,b1-v0.3,fs-0h24h-lot-v2,SIH26170-MOCK-02,26172,LOTSPLIT-03,24,b1_2026-09-11T1024Z_8ccc16,2026-09-11T10:24:15+00:00
C0286,L006,CMOS_A,PASS,0.0499,Output_Fall_Time_ns,0.9501,6,0,NOMINAL,False,B_OK,All six parameters are predicted to stay within limits with margin.,b1-contract-0.6,b1-v0.3,fs-0h24h-lot-v2,SIH26170-MOCK-02,26172,LOTSPLIT-03,24,b1_2026-09-11T1024Z_8ccc16,2026-09-11T10:24:15+00:00
C0287,L006,CMOS_A,MONITOR,0.135,Output_Rise_Time_ns,0.9603,6,1,LOW,True,B_UNCERTAIN_EXTRAPOLATION,"Predicted 168 h Output_Rise_Time_ns is within limits, but the 0 h input lies outside the training envelope.",b1-contract-0.6,b1-v0.3,fs-0h24h-lot-v2,SIH26170-MOCK-02,26172,LOTSPLIT-03,24,b1_2026-09-11T1024Z_8ccc16,2026-09-11T10:24:15+00:00
C0288,L006,CMOS_A,PASS,0.0556,Supply_Current_ICC_uA,0.9444,6,0,NOMINAL,False,B_OK,All six parameters are predicted to stay within limits with margin.,b1-contract-0.6,b1-v0.3,fs-0h24h-lot-v2,SIH26170-MOCK-02,26172,LOTSPLIT-03,24,b1_2026-09-11T1024Z_8ccc16,2026-09-11T10:24:15+00:00
C0289,L006,CMOS_A,MONITOR,0.0395,Output_Rise_Time_ns,0.9605,6,1,LOW,True,B_UNCERTAIN_EXTRAPOLATION,"Predicted 168 h Output_Rise_Time_ns is within limits, but the 0 h input lies outside the training envelope.",b1-contract-0.6,b1-v0.3,fs-0h24h-lot-v2,SIH26170-MOCK-02,26172,LOTSPLIT-03,24,b1_2026-09-11T1024Z_8ccc16,2026-09-11T10:24:15+00:00
C0290,L006,CMOS_A,PASS,0.0369,Propagation_Delay_ns,0.9631,6,0,NOMINAL,False,B_OK,All six parameters are predicted to stay within limits with margin.,b1-contract-0.6,b1-v0.3,fs-0h24h-lot-v2,SIH26170-MOCK-02,26172,LOTSPLIT-03,24,b1_2026-09-11T1024Z_8ccc16,2026-09-11T10:24:15+00:00
C0291,L006,CMOS_A,MONITOR,0.0344,Output_Rise_Time_ns,0.9656,6,1,LOW,True,B_UNCERTAIN_EXTRAPOLATION,"Predicted 168 h Output_Rise_Time_ns is within limits, but the 0 h input lies outside the training envelope.",b1-contract-0.6,b1-v0.3,fs-0h24h-lot-v2,SIH26170-MOCK-02,26172,LOTSPLIT-03,24,b1_2026-09-11T1024Z_8ccc16,2026-09-11T10:24:15+00:00
C0292,L006,CMOS_A,PASS,0.0821,Supply_Current_ICC_uA,0.9179,6,0,NOMINAL,False,B_OK,All six parameters are predicted to stay within limits with margin.,b1-contract-0.6,b1-v0.3,fs-0h24h-lot-v2,SIH26170-MOCK-02,26172,LOTSPLIT-03,24,b1_2026-09-11T1024Z_8ccc16,2026-09-11T10:24:15+00:00
C0293,L006,CMOS_A,MONITOR,0.0495,Output_Rise_Time_ns,0.9725,6,1,LOW,True,B_UNCERTAIN_EXTRAPOLATION,"Predicted 168 h Output_Rise_Time_ns is within limits, but the 0 h input lies outside the training envelope.",b1-contract-0.6,b1-v0.3,fs-0h24h-lot-v2,SIH26170-MOCK-02,26172,LOTSPLIT-03,24,b1_2026-09-11T1024Z_8ccc16,2026-09-11T10:24:15+00:00
C0294,L006,CMOS_A,PASS,0.0455,Propagation_Delay_ns,0.9545,6,0,NOMINAL,False,B_OK,All six parameters are predicted to stay within limits with margin.,b1-contract-0.6,b1-v0.3,fs-0h24h-lot-v2,SIH26170-MOCK-02,26172,LOTSPLIT-03,24,b1_2026-09-11T1024Z_8ccc16,2026-09-11T10:24:15+00:00
C0295,L006,CMOS_A,MONITOR,0.0898,Output_Rise_Time_ns,0.9354,6,1,LOW,True,B_UNCERTAIN_EXTRAPOLATION,"Predicted 168 h Output_Rise_Time_ns is within limits, but the 0 h input lies outside the training envelope.",b1-contract-0.6,b1-v0.3,fs-0h24h-lot-v2,SIH26170-MOCK-02,26172,LOTSPLIT-03,24,b1_2026-09-11T1024Z_8ccc16,2026-09-11T10:24:15+00:00
C0296,L006,CMOS_A,PASS,0.0715,Supply_Current_ICC_uA,0.9285,6,0,NOMINAL,False,B_OK,All six parameters are predicted to stay within limits with margin.,b1-contract-0.6,b1-v0.3,fs-0h24h-lot-v2,SIH26170-MOCK-02,26172,LOTSPLIT-03,24,b1_2026-09-11T1024Z_8ccc16,2026-09-11T10:24:15+00:00
C0297,L006,CMOS_A,MONITOR,0.1268,Output_Rise_Time_ns,0.8778,6,1,LOW,True,B_UNCERTAIN_EXTRAPOLATION,"Predicted 168 h Output_Rise_Time_ns is within limits, but the 0 h input lies outside the training envelope.",b1-contract-0.6,b1-v0.3,fs-0h24h-lot-v2,SIH26170-MOCK-02,26172,LOTSPLIT-03,24,b1_2026-09-11T1024Z_8ccc16,2026-09-11T10:24:15+00:00
C0298,L006,CMOS_A,MONITOR,0.1603,Output_Rise_Time_ns,0.9801,6,1,LOW,True,B_UNCERTAIN_EXTRAPOLATION,"Predicted 168 h Output_Rise_Time_ns is within limits, but the 0 h input lies outside the training envelope.",b1-contract-0.6,b1-v0.3,fs-0h24h-lot-v2,SIH26170-MOCK-02,26172,LOTSPLIT-03,24,b1_2026-09-11T1024Z_8ccc16,2026-09-11T10:24:15+00:00
C0299,L006,CMOS_A,MONITOR,0.0508,Output_Rise_Time_ns,0.9635,6,1,LOW,True,B_UNCERTAIN_EXTRAPOLATION,"Predicted 168 h Output_Rise_Time_ns is within limits, but the 0 h input lies outside the training envelope.",b1-contract-0.6,b1-v0.3,fs-0h24h-lot-v2,SIH26170-MOCK-02,26172,LOTSPLIT-03,24,b1_2026-09-11T1024Z_8ccc16,2026-09-11T10:24:15+00:00
C0300,L006,CMOS_A,PASS,0.0886,Supply_Current_ICC_uA,0.9114,6,0,NOMINAL,False,B_OK,All six parameters are predicted to stay within limits with margin.,b1-contract-0.6,b1-v0.3,fs-0h24h-lot-v2,SIH26170-MOCK-02,26172,LOTSPLIT-03,24,b1_2026-09-11T1024Z_8ccc16,2026-09-11T10:24:15+00:00
C0301,L006,CMOS_A,MONITOR,0.6608,Propagation_Delay_ns,0.3392,6,3,LOW,True,B_UNCERTAIN_EXTRAPOLATION,"Predicted 168 h Propagation_Delay_ns is within limits, but the 0 h input lies outside the training envelope.",b1-contract-0.6,b1-v0.3,fs-0h24h-lot-v2,SIH26170-MOCK-02,26172,LOTSPLIT-03,24,b1_2026-09-11T1024Z_8ccc16,2026-09-11T10:24:15+00:00
C0302,L006,CMOS_A,PASS,0.0011,Output_Rise_Time_ns,0.9989,6,0,NOMINAL,False,B_OK,All six parameters are predicted to stay within limits with margin.,b1-contract-0.6,b1-v0.3,fs-0h24h-lot-v2,SIH26170-MOCK-02,26172,LOTSPLIT-03,24,b1_2026-09-11T1024Z_8ccc16,2026-09-11T10:24:15+00:00
C0303,L006,CMOS_A,PASS,0.005,Output_Fall_Time_ns,0.995,6,0,NOMINAL,False,B_OK,All six parameters are predicted to stay within limits with margin.,b1-contract-0.6,b1-v0.3,fs-0h24h-lot-v2,SIH26170-MOCK-02,26172,LOTSPLIT-03,24,b1_2026-09-11T1024Z_8ccc16,2026-09-11T10:24:15+00:00
C0304,L006,CMOS_A,MONITOR,0.2476,Output_Rise_Time_ns,0.966,6,1,LOW,True,B_UNCERTAIN_EXTRAPOLATION,"Predicted 168 h Output_Rise_Time_ns is within limits, but the 0 h input lies outside the training envelope.",b1-contract-0.6,b1-v0.3,fs-0h24h-lot-v2,SIH26170-MOCK-02,26172,LOTSPLIT-03,24,b1_2026-09-11T1024Z_8ccc16,2026-09-11T10:24:15+00:00
C0305,L006,CMOS_A,MONITOR,0.1339,Output_Rise_Time_ns,0.9743,6,1,LOW,True,B_UNCERTAIN_EXTRAPOLATION,"Predicted 168 h Output_Rise_Time_ns is within limits, but the 0 h input lies outside the training envelope.",b1-contract-0.6,b1-v0.3,fs-0h24h-lot-v2,SIH26170-MOCK-02,26172,LOTSPLIT-03,24,b1_2026-09-11T1024Z_8ccc16,2026-09-11T10:24:15+00:00
C0306,L006,CMOS_A,MONITOR,0.0868,Output_Rise_Time_ns,0.9527,6,1,LOW,True,B_UNCERTAIN_EXTRAPOLATION,"Predicted 168 h Output_Rise_Time_ns is within limits, but the 0 h input lies outside the training envelope.",b1-contract-0.6,b1-v0.3,fs-0h24h-lot-v2,SIH26170-MOCK-02,26172,LOTSPLIT-03,24,b1_2026-09-11T1024Z_8ccc16,2026-09-11T10:24:15+00:00
C0307,L006,CMOS_A,PASS,0.1017,Supply_Current_ICC_uA,0.8983,6,0,NOMINAL,False,B_OK,All six parameters are predicted to stay within limits with margin.,b1-contract-0.6,b1-v0.3,fs-0h24h-lot-v2,SIH26170-MOCK-02,26172,LOTSPLIT-03,24,b1_2026-09-11T1024Z_8ccc16,2026-09-11T10:24:15+00:00
C0308,L006,CMOS_A,PASS,0.0873,Supply_Current_ICC_uA,0.9127,6,0,NOMINAL,False,B_OK,All six parameters are predicted to stay within limits with margin.,b1-contract-0.6,b1-v0.3,fs-0h24h-lot-v2,SIH26170-MOCK-02,26172,LOTSPLIT-03,24,b1_2026-09-11T1024Z_8ccc16,2026-09-11T10:24:15+00:00
C0309,L006,CMOS_A,MONITOR,0.0589,Output_Rise_Time_ns,0.9548,6,1,LOW,True,B_UNCERTAIN_EXTRAPOLATION,"Predicted 168 h Output_Rise_Time_ns is within limits, but the 0 h input lies outside the training envelope.",b1-contract-0.6,b1-v0.3,fs-0h24h-lot-v2,SIH26170-MOCK-02,26172,LOTSPLIT-03,24,b1_2026-09-11T1024Z_8ccc16,2026-09-11T10:24:15+00:00
C0310,L006,CMOS_A,REJECT,1.0,Supply_Current_ICC_uA,-0.1901,6,3,LOW,True,B_LIMIT_CROSS_PREDICTED,Predicted 168 h Supply_Current_ICC_uA of 768.561 uA exceeds the 700.0 uA limit for CMOS_A.,b1-contract-0.6,b1-v0.3,fs-0h24h-lot-v2,SIH26170-MOCK-02,26172,LOTSPLIT-03,24,b1_2026-09-11T1024Z_8ccc16,2026-09-11T10:24:15+00:00
C0311,L006,CMOS_A,MONITOR,0.0225,Output_Rise_Time_ns,0.9837,6,1,LOW,True,B_UNCERTAIN_EXTRAPOLATION,"Predicted 168 h Output_Rise_Time_ns is within limits, but the 0 h input lies outside the training envelope.",b1-contract-0.6,b1-v0.3,fs-0h24h-lot-v2,SIH26170-MOCK-02,26172,LOTSPLIT-03,24,b1_2026-09-11T1024Z_8ccc16,2026-09-11T10:24:15+00:00
C0312,L006,CMOS_A,PASS,0.1523,Supply_Current_ICC_uA,0.8477,6,0,NOMINAL,False,B_OK,All six parameters are predicted to stay within limits with margin.,b1-contract-0.6,b1-v0.3,fs-0h24h-lot-v2,SIH26170-MOCK-02,26172,LOTSPLIT-03,24,b1_2026-09-11T1024Z_8ccc16,2026-09-11T10:24:15+00:00
C0313,L006,CMOS_A,MONITOR,0.0508,Output_Rise_Time_ns,0.9503,6,1,LOW,True,B_UNCERTAIN_EXTRAPOLATION,"Predicted 168 h Output_Rise_Time_ns is within limits, but the 0 h input lies outside the training envelope.",b1-contract-0.6,b1-v0.3,fs-0h24h-lot-v2,SIH26170-MOCK-02,26172,LOTSPLIT-03,24,b1_2026-09-11T1024Z_8ccc16,2026-09-11T10:24:15+00:00
C0314,L006,CMOS_A,MONITOR,0.1135,Output_Rise_Time_ns,0.8865,6,1,LOW,True,B_UNCERTAIN_EXTRAPOLATION,"Predicted 168 h Output_Rise_Time_ns is within limits, but the 0 h input lies outside the training envelope.",b1-contract-0.6,b1-v0.3,fs-0h24h-lot-v2,SIH26170-MOCK-02,26172,LOTSPLIT-03,24,b1_2026-09-11T1024Z_8ccc16,2026-09-11T10:24:15+00:00
C0315,L006,CMOS_A,MONITOR,0.0351,Output_Rise_Time_ns,0.9819,6,1,LOW,True,B_UNCERTAIN_EXTRAPOLATION,"Predicted 168 h Output_Rise_Time_ns is within limits, but the 0 h input lies outside the training envelope.",b1-contract-0.6,b1-v0.3,fs-0h24h-lot-v2,SIH26170-MOCK-02,26172,LOTSPLIT-03,24,b1_2026-09-11T1024Z_8ccc16,2026-09-11T10:24:15+00:00
C0316,L006,CMOS_A,PASS,0.0056,Input_Leakage_Current_uA,0.9944,6,0,NOMINAL,False,B_OK,All six parameters are predicted to stay within limits with margin.,b1-contract-0.6,b1-v0.3,fs-0h24h-lot-v2,SIH26170-MOCK-02,26172,LOTSPLIT-03,24,b1_2026-09-11T1024Z_8ccc16,2026-09-11T10:24:15+00:00
C0317,L006,CMOS_A,MONITOR,0.1296,Output_Rise_Time_ns,0.8704,6,1,LOW,True,B_UNCERTAIN_EXTRAPOLATION,"Predicted 168 h Output_Rise_Time_ns is within limits, but the 0 h input lies outside the training envelope.",b1-contract-0.6,b1-v0.3,fs-0h24h-lot-v2,SIH26170-MOCK-02,26172,LOTSPLIT-03,24,b1_2026-09-11T1024Z_8ccc16,2026-09-11T10:24:15+00:00
C0318,L006,CMOS_A,PASS,0.0046,Input_Leakage_Current_uA,0.9954,6,0,NOMINAL,False,B_OK,All six parameters are predicted to stay within limits with margin.,b1-contract-0.6,b1-v0.3,fs-0h24h-lot-v2,SIH26170-MOCK-02,26172,LOTSPLIT-03,24,b1_2026-09-11T1024Z_8ccc16,2026-09-11T10:24:15+00:00
C0319,L006,CMOS_A,PASS,0.0332,Propagation_Delay_ns,0.9668,6,0,NOMINAL,False,B_OK,All six parameters are predicted to stay within limits with margin.,b1-contract-0.6,b1-v0.3,fs-0h24h-lot-v2,SIH26170-MOCK-02,26172,LOTSPLIT-03,24,b1_2026-09-11T1024Z_8ccc16,2026-09-11T10:24:15+00:00
C0320,L006,CMOS_A,MONITOR,0.0807,Output_Rise_Time_ns,0.9745,6,1,LOW,True,B_UNCERTAIN_EXTRAPOLATION,"Predicted 168 h Output_Rise_Time_ns is within limits, but the 0 h input lies outside the training envelope.",b1-contract-0.6,b1-v0.3,fs-0h24h-lot-v2,SIH26170-MOCK-02,26172,LOTSPLIT-03,24,b1_2026-09-11T1024Z_8ccc16,2026-09-11T10:24:15+00:00
C0321,L006,CMOS_A,MONITOR,0.0369,Output_Rise_Time_ns,0.9631,6,1,LOW,True,B_UNCERTAIN_EXTRAPOLATION,"Predicted 168 h Output_Rise_Time_ns is within limits, but the 0 h input lies outside the training envelope.",b1-contract-0.6,b1-v0.3,fs-0h24h-lot-v2,SIH26170-MOCK-02,26172,LOTSPLIT-03,24,b1_2026-09-11T1024Z_8ccc16,2026-09-11T10:24:15+00:00
C0322,L006,CMOS_A,MONITOR,0.0479,Output_Rise_Time_ns,0.956,6,1,LOW,True,B_UNCERTAIN_EXTRAPOLATION,"Predicted 168 h Output_Rise_Time_ns is within limits, but the 0 h input lies outside the training envelope.",b1-contract-0.6,b1-v0.3,fs-0h24h-lot-v2,SIH26170-MOCK-02,26172,LOTSPLIT-03,24,b1_2026-09-11T1024Z_8ccc16,2026-09-11T10:24:15+00:00
C0323,L006,CMOS_A,MONITOR,0.0723,Output_Rise_Time_ns,0.9277,6,1,LOW,True,B_UNCERTAIN_EXTRAPOLATION,"Predicted 168 h Output_Rise_Time_ns is within limits, but the 0 h input lies outside the training envelope.",b1-contract-0.6,b1-v0.3,fs-0h24h-lot-v2,SIH26170-MOCK-02,26172,LOTSPLIT-03,24,b1_2026-09-11T1024Z_8ccc16,2026-09-11T10:24:15+00:00
C0324,L006,CMOS_A,PASS,0.0658,Supply_Current_ICC_uA,0.9342,6,0,NOMINAL,False,B_OK,All six parameters are predicted to stay within limits with margin.,b1-contract-0.6,b1-v0.3,fs-0h24h-lot-v2,SIH26170-MOCK-02,26172,LOTSPLIT-03,24,b1_2026-09-11T1024Z_8ccc16,2026-09-11T10:24:15+00:00
C0325,L006,CMOS_A,PASS,0.121,IDDQ_uA,0.879,6,0,NOMINAL,False,B_OK,All six parameters are predicted to stay within limits with margin.,b1-contract-0.6,b1-v0.3,fs-0h24h-lot-v2,SIH26170-MOCK-02,26172,LOTSPLIT-03,24,b1_2026-09-11T1024Z_8ccc16,2026-09-11T10:24:15+00:00
C0326,L006,CMOS_A,PASS,0.0168,Input_Leakage_Current_uA,0.9832,6,0,NOMINAL,False,B_OK,All six parameters are predicted to stay within limits with margin.,b1-contract-0.6,b1-v0.3,fs-0h24h-lot-v2,SIH26170-MOCK-02,26172,LOTSPLIT-03,24,b1_2026-09-11T1024Z_8ccc16,2026-09-11T10:24:15+00:00
C0327,L006,CMOS_A,PASS,0.0165,Supply_Current_ICC_uA,0.9835,6,0,NOMINAL,False,B_OK,All six parameters are predicted to stay within limits with margin.,b1-contract-0.6,b1-v0.3,fs-0h24h-lot-v2,SIH26170-MOCK-02,26172,LOTSPLIT-03,24,b1_2026-09-11T1024Z_8ccc16,2026-09-11T10:24:15+00:00
C0328,L006,CMOS_A,MONITOR,0.0327,Output_Rise_Time_ns,0.9776,6,1,LOW,True,B_UNCERTAIN_EXTRAPOLATION,"Predicted 168 h Output_Rise_Time_ns is within limits, but the 0 h input lies outside the training envelope.",b1-contract-0.6,b1-v0.3,fs-0h24h-lot-v2,SIH26170-MOCK-02,26172,LOTSPLIT-03,24,b1_2026-09-11T1024Z_8ccc16,2026-09-11T10:24:15+00:00
C0329,L006,CMOS_A,MONITOR,0.1156,Output_Rise_Time_ns,0.9688,6,1,LOW,True,B_UNCERTAIN_EXTRAPOLATION,"Predicted 168 h Output_Rise_Time_ns is within limits, but the 0 h input lies outside the training envelope.",b1-contract-0.6,b1-v0.3,fs-0h24h-lot-v2,SIH26170-MOCK-02,26172,LOTSPLIT-03,24,b1_2026-09-11T1024Z_8ccc16,2026-09-11T10:24:15+00:00
C0330,L006,CMOS_A,PASS,0.0283,Output_Fall_Time_ns,0.9717,6,0,NOMINAL,False,B_OK,All six parameters are predicted to stay within limits with margin.,b1-contract-0.6,b1-v0.3,fs-0h24h-lot-v2,SIH26170-MOCK-02,26172,LOTSPLIT-03,24,b1_2026-09-11T1024Z_8ccc16,2026-09-11T10:24:15+00:00
C0331,L006,CMOS_A,PASS,0.0077,Propagation_Delay_ns,0.9923,6,0,NOMINAL,False,B_OK,All six parameters are predicted to stay within limits with margin.,b1-contract-0.6,b1-v0.3,fs-0h24h-lot-v2,SIH26170-MOCK-02,26172,LOTSPLIT-03,24,b1_2026-09-11T1024Z_8ccc16,2026-09-11T10:24:15+00:00
C0332,L006,CMOS_A,PASS,0.0363,Output_Fall_Time_ns,0.9637,6,0,NOMINAL,False,B_OK,All six parameters are predicted to stay within limits with margin.,b1-contract-0.6,b1-v0.3,fs-0h24h-lot-v2,SIH26170-MOCK-02,26172,LOTSPLIT-03,24,b1_2026-09-11T1024Z_8ccc16,2026-09-11T10:24:15+00:00
C0333,L006,CMOS_A,PASS,0.0416,Output_Fall_Time_ns,0.9584,6,0,NOMINAL,False,B_OK,All six parameters are predicted to stay within limits with margin.,b1-contract-0.6,b1-v0.3,fs-0h24h-lot-v2,SIH26170-MOCK-02,26172,LOTSPLIT-03,24,b1_2026-09-11T1024Z_8ccc16,2026-09-11T10:24:15+00:00
C0538,L011,CMOS_B,PASS,0.0,Input_Leakage_Current_uA,1.0025,6,0,NOMINAL,False,B_OK,All six parameters are predicted to stay within limits with margin.,b1-contract-0.6,b1-v0.3,fs-0h24h-lot-v2,SIH26170-MOCK-02,26172,LOTSPLIT-03,24,b1_2026-09-11T1024Z_8ccc16,2026-09-11T10:24:15+00:00
C0539,L011,CMOS_B,PASS,0.1247,Output_Rise_Time_ns,0.8753,6,0,NOMINAL,False,B_OK,All six parameters are predicted to stay within limits with margin.,b1-contract-0.6,b1-v0.3,fs-0h24h-lot-v2,SIH26170-MOCK-02,26172,LOTSPLIT-03,24,b1_2026-09-11T1024Z_8ccc16,2026-09-11T10:24:15+00:00
C0540,L011,CMOS_B,PASS,0.0602,Propagation_Delay_ns,0.9398,6,0,NOMINAL,False,B_OK,All six parameters are predicted to stay within limits with margin.,b1-contract-0.6,b1-v0.3,fs-0h24h-lot-v2,SIH26170-MOCK-02,26172,LOTSPLIT-03,24,b1_2026-09-11T1024Z_8ccc16,2026-09-11T10:24:15+00:00
C0541,L011,CMOS_B,PASS,0.0413,Propagation_Delay_ns,0.9587,6,0,NOMINAL,False,B_OK,All six parameters are predicted to stay within limits with margin.,b1-contract-0.6,b1-v0.3,fs-0h24h-lot-v2,SIH26170-MOCK-02,26172,LOTSPLIT-03,24,b1_2026-09-11T1024Z_8ccc16,2026-09-11T10:24:15+00:00
C0542,L011,CMOS_B,PASS,0.1092,Propagation_Delay_ns,0.8908,6,0,NOMINAL,False,B_OK,All six parameters are predicted to stay within limits with margin.,b1-contract-0.6,b1-v0.3,fs-0h24h-lot-v2,SIH26170-MOCK-02,26172,LOTSPLIT-03,24,b1_2026-09-11T1024Z_8ccc16,2026-09-11T10:24:15+00:00
C0543,L011,CMOS_B,PASS,0.1291,Propagation_Delay_ns,0.8709,6,0,NOMINAL,False,B_OK,All six parameters are predicted to stay within limits with margin.,b1-contract-0.6,b1-v0.3,fs-0h24h-lot-v2,SIH26170-MOCK-02,26172,LOTSPLIT-03,24,b1_2026-09-11T1024Z_8ccc16,2026-09-11T10:24:15+00:00
C0544,L011,CMOS_B,PASS,0.1496,Propagation_Delay_ns,0.8504,6,0,NOMINAL,False,B_OK,All six parameters are predicted to stay within limits with margin.,b1-contract-0.6,b1-v0.3,fs-0h24h-lot-v2,SIH26170-MOCK-02,26172,LOTSPLIT-03,24,b1_2026-09-11T1024Z_8ccc16,2026-09-11T10:24:15+00:00
C0545,L011,CMOS_B,PASS,0.1107,Supply_Current_ICC_uA,0.8893,6,0,NOMINAL,False,B_OK,All six parameters are predicted to stay within limits with margin.,b1-contract-0.6,b1-v0.3,fs-0h24h-lot-v2,SIH26170-MOCK-02,26172,LOTSPLIT-03,24,b1_2026-09-11T1024Z_8ccc16,2026-09-11T10:24:15+00:00
C0546,L011,CMOS_B,PASS,0.0778,Propagation_Delay_ns,0.9222,6,0,NOMINAL,False,B_OK,All six parameters are predicted to stay within limits with margin.,b1-contract-0.6,b1-v0.3,fs-0h24h-lot-v2,SIH26170-MOCK-02,26172,LOTSPLIT-03,24,b1_2026-09-11T1024Z_8ccc16,2026-09-11T10:24:15+00:00
C0547,L011,CMOS_B,PASS,0.0793,Propagation_Delay_ns,0.9207,6,0,NOMINAL,False,B_OK,All six parameters are predicted to stay within limits with margin.,b1-contract-0.6,b1-v0.3,fs-0h24h-lot-v2,SIH26170-MOCK-02,26172,LOTSPLIT-03,24,b1_2026-09-11T1024Z_8ccc16,2026-09-11T10:24:15+00:00
C0548,L011,CMOS_B,MONITOR,0.9814,Output_Fall_Time_ns,0.0186,6,2,NOMINAL,False,B_MARGIN_LOW,Predicted 168 h Output_Fall_Time_ns leaves only 1.9% of the headroom between the lot baseline and the 8.0 ns limit.,b1-contract-0.6,b1-v0.3,fs-0h24h-lot-v2,SIH26170-MOCK-02,26172,LOTSPLIT-03,24,b1_2026-09-11T1024Z_8ccc16,2026-09-11T10:24:15+00:00
C0549,L011,CMOS_B,PASS,0.0614,Output_Rise_Time_ns,0.9386,6,0,NOMINAL,False,B_OK,All six parameters are predicted to stay within limits with margin.,b1-contract-0.6,b1-v0.3,fs-0h24h-lot-v2,SIH26170-MOCK-02,26172,LOTSPLIT-03,24,b1_2026-09-11T1024Z_8ccc16,2026-09-11T10:24:15+00:00
C0550,L011,CMOS_B,PASS,0.0604,Supply_Current_ICC_uA,0.9396,6,0,NOMINAL,False,B_OK,All six parameters are predicted to stay within limits with margin.,b1-contract-0.6,b1-v0.3,fs-0h24h-lot-v2,SIH26170-MOCK-02,26172,LOTSPLIT-03,24,b1_2026-09-11T1024Z_8ccc16,2026-09-11T10:24:15+00:00
C0551,L011,CMOS_B,PASS,0.0486,Output_Fall_Time_ns,0.9514,6,0,NOMINAL,False,B_OK,All six parameters are predicted to stay within limits with margin.,b1-contract-0.6,b1-v0.3,fs-0h24h-lot-v2,SIH26170-MOCK-02,26172,LOTSPLIT-03,24,b1_2026-09-11T1024Z_8ccc16,2026-09-11T10:24:15+00:00
C0552,L011,CMOS_B,PASS,0.0833,IDDQ_uA,0.9167,6,0,NOMINAL,False,B_OK,All six parameters are predicted to stay within limits with margin.,b1-contract-0.6,b1-v0.3,fs-0h24h-lot-v2,SIH26170-MOCK-02,26172,LOTSPLIT-03,24,b1_2026-09-11T1024Z_8ccc16,2026-09-11T10:24:15+00:00
C0553,L011,CMOS_B,PASS,0.1911,Supply_Current_ICC_uA,0.8089,6,0,NOMINAL,False,B_OK,All six parameters are predicted to stay within limits with margin.,b1-contract-0.6,b1-v0.3,fs-0h24h-lot-v2,SIH26170-MOCK-02,26172,LOTSPLIT-03,24,b1_2026-09-11T1024Z_8ccc16,2026-09-11T10:24:15+00:00
C0554,L011,CMOS_B,PASS,0.0919,Propagation_Delay_ns,0.9081,6,0,NOMINAL,False,B_OK,All six parameters are predicted to stay within limits with margin.,b1-contract-0.6,b1-v0.3,fs-0h24h-lot-v2,SIH26170-MOCK-02,26172,LOTSPLIT-03,24,b1_2026-09-11T1024Z_8ccc16,2026-09-11T10:24:15+00:00
C0555,L011,CMOS_B,PASS,0.0882,Output_Rise_Time_ns,0.9118,6,0,NOMINAL,False,B_OK,All six parameters are predicted to stay within limits with margin.,b1-contract-0.6,b1-v0.3,fs-0h24h-lot-v2,SIH26170-MOCK-02,26172,LOTSPLIT-03,24,b1_2026-09-11T1024Z_8ccc16,2026-09-11T10:24:15+00:00
C0556,L011,CMOS_B,PASS,0.0099,Input_Leakage_Current_uA,0.9901,6,0,NOMINAL,False,B_OK,All six parameters are predicted to stay within limits with margin.,b1-contract-0.6,b1-v0.3,fs-0h24h-lot-v2,SIH26170-MOCK-02,26172,LOTSPLIT-03,24,b1_2026-09-11T1024Z_8ccc16,2026-09-11T10:24:15+00:00
C0557,L011,CMOS_B,PASS,0.0998,Supply_Current_ICC_uA,0.9002,6,0,NOMINAL,False,B_OK,All six parameters are predicted to stay within limits with margin.,b1-contract-0.6,b1-v0.3,fs-0h24h-lot-v2,SIH26170-MOCK-02,26172,LOTSPLIT-03,24,b1_2026-09-11T1024Z_8ccc16,2026-09-11T10:24:15+00:00
C0558,L011,CMOS_B,PASS,0.1996,Supply_Current_ICC_uA,0.8004,6,0,NOMINAL,False,B_OK,All six parameters are predicted to stay within limits with margin.,b1-contract-0.6,b1-v0.3,fs-0h24h-lot-v2,SIH26170-MOCK-02,26172,LOTSPLIT-03,24,b1_2026-09-11T1024Z_8ccc16,2026-09-11T10:24:15+00:00
C0559,L011,CMOS_B,PASS,0.0264,Supply_Current_ICC_uA,0.9736,6,0,NOMINAL,False,B_OK,All six parameters are predicted to stay within limits with margin.,b1-contract-0.6,b1-v0.3,fs-0h24h-lot-v2,SIH26170-MOCK-02,26172,LOTSPLIT-03,24,b1_2026-09-11T1024Z_8ccc16,2026-09-11T10:24:15+00:00
C0560,L011,CMOS_B,PASS,0.05,Output_Rise_Time_ns,0.95,6,0,NOMINAL,False,B_OK,All six parameters are predicted to stay within limits with margin.,b1-contract-0.6,b1-v0.3,fs-0h24h-lot-v2,SIH26170-MOCK-02,26172,LOTSPLIT-03,24,b1_2026-09-11T1024Z_8ccc16,2026-09-11T10:24:15+00:00
C0561,L011,CMOS_B,PASS,0.1082,Propagation_Delay_ns,0.8918,6,0,NOMINAL,False,B_OK,All six parameters are predicted to stay within limits with margin.,b1-contract-0.6,b1-v0.3,fs-0h24h-lot-v2,SIH26170-MOCK-02,26172,LOTSPLIT-03,24,b1_2026-09-11T1024Z_8ccc16,2026-09-11T10:24:15+00:00
C0562,L011,CMOS_B,PASS,0.146,Propagation_Delay_ns,0.854,6,0,NOMINAL,False,B_OK,All six parameters are predicted to stay within limits with margin.,b1-contract-0.6,b1-v0.3,fs-0h24h-lot-v2,SIH26170-MOCK-02,26172,LOTSPLIT-03,24,b1_2026-09-11T1024Z_8ccc16,2026-09-11T10:24:15+00:00
C0563,L011,CMOS_B,PASS,0.1176,Supply_Current_ICC_uA,0.8824,6,0,NOMINAL,False,B_OK,All six parameters are predicted to stay within limits with margin.,b1-contract-0.6,b1-v0.3,fs-0h24h-lot-v2,SIH26170-MOCK-02,26172,LOTSPLIT-03,24,b1_2026-09-11T1024Z_8ccc16,2026-09-11T10:24:15+00:00
C0564,L011,CMOS_B,PASS,0.1058,Supply_Current_ICC_uA,0.8942,6,0,NOMINAL,False,B_OK,All six parameters are predicted to stay within limits with margin.,b1-contract-0.6,b1-v0.3,fs-0h24h-lot-v2,SIH26170-MOCK-02,26172,LOTSPLIT-03,24,b1_2026-09-11T1024Z_8ccc16,2026-09-11T10:24:15+00:00
C0565,L011,CMOS_B,PASS,0.0364,Propagation_Delay_ns,0.9636,6,0,NOMINAL,False,B_OK,All six parameters are predicted to stay within limits with margin.,b1-contract-0.6,b1-v0.3,fs-0h24h-lot-v2,SIH26170-MOCK-02,26172,LOTSPLIT-03,24,b1_2026-09-11T1024Z_8ccc16,2026-09-11T10:24:15+00:00
C0566,L011,CMOS_B,PASS,0.134,Propagation_Delay_ns,0.866,6,0,NOMINAL,False,B_OK,All six parameters are predicted to stay within limits with margin.,b1-contract-0.6,b1-v0.3,fs-0h24h-lot-v2,SIH26170-MOCK-02,26172,LOTSPLIT-03,24,b1_2026-09-11T1024Z_8ccc16,2026-09-11T10:24:15+00:00
C0567,L011,CMOS_B,PASS,0.0849,Propagation_Delay_ns,0.9151,6,0,NOMINAL,False,B_OK,All six parameters are predicted to stay within limits with margin.,b1-contract-0.6,b1-v0.3,fs-0h24h-lot-v2,SIH26170-MOCK-02,26172,LOTSPLIT-03,24,b1_2026-09-11T1024Z_8ccc16,2026-09-11T10:24:15+00:00
C0568,L011,CMOS_B,PASS,0.0756,Supply_Current_ICC_uA,0.9244,6,0,NOMINAL,False,B_OK,All six parameters are predicted to stay within limits with margin.,b1-contract-0.6,b1-v0.3,fs-0h24h-lot-v2,SIH26170-MOCK-02,26172,LOTSPLIT-03,24,b1_2026-09-11T1024Z_8ccc16,2026-09-11T10:24:15+00:00
C0569,L011,CMOS_B,PASS,0.0897,Supply_Current_ICC_uA,0.9103,6,0,NOMINAL,False,B_OK,All six parameters are predicted to stay within limits with margin.,b1-contract-0.6,b1-v0.3,fs-0h24h-lot-v2,SIH26170-MOCK-02,26172,LOTSPLIT-03,24,b1_2026-09-11T1024Z_8ccc16,2026-09-11T10:24:15+00:00
C0570,L011,CMOS_B,PASS,0.0845,Supply_Current_ICC_uA,0.9155,6,0,NOMINAL,False,B_OK,All six parameters are predicted to stay within limits with margin.,b1-contract-0.6,b1-v0.3,fs-0h24h-lot-v2,SIH26170-MOCK-02,26172,LOTSPLIT-03,24,b1_2026-09-11T1024Z_8ccc16,2026-09-11T10:24:15+00:00
C0571,L011,CMOS_B,PASS,0.0197,Propagation_Delay_ns,0.9803,6,0,NOMINAL,False,B_OK,All six parameters are predicted to stay within limits with margin.,b1-contract-0.6,b1-v0.3,fs-0h24h-lot-v2,SIH26170-MOCK-02,26172,LOTSPLIT-03,24,b1_2026-09-11T1024Z_8ccc16,2026-09-11T10:24:15+00:00
C0572,L011,CMOS_B,PASS,0.1302,Propagation_Delay_ns,0.8698,6,0,NOMINAL,False,B_OK,All six parameters are predicted to stay within limits with margin.,b1-contract-0.6,b1-v0.3,fs-0h24h-lot-v2,SIH26170-MOCK-02,26172,LOTSPLIT-03,24,b1_2026-09-11T1024Z_8ccc16,2026-09-11T10:24:15+00:00
C0573,L011,CMOS_B,PASS,0.1846,Supply_Current_ICC_uA,0.8154,6,0,NOMINAL,False,B_OK,All six parameters are predicted to stay within limits with margin.,b1-contract-0.6,b1-v0.3,fs-0h24h-lot-v2,SIH26170-MOCK-02,26172,LOTSPLIT-03,24,b1_2026-09-11T1024Z_8ccc16,2026-09-11T10:24:15+00:00
C0574,L011,CMOS_B,PASS,0.1196,Supply_Current_ICC_uA,0.8804,6,0,NOMINAL,False,B_OK,All six parameters are predicted to stay within limits with margin.,b1-contract-0.6,b1-v0.3,fs-0h24h-lot-v2,SIH26170-MOCK-02,26172,LOTSPLIT-03,24,b1_2026-09-11T1024Z_8ccc16,2026-09-11T10:24:15+00:00
C0575,L011,CMOS_B,PASS,0.0653,Supply_Current_ICC_uA,0.9347,6,0,NOMINAL,False,B_OK,All six parameters are predicted to stay within limits with margin.,b1-contract-0.6,b1-v0.3,fs-0h24h-lot-v2,SIH26170-MOCK-02,26172,LOTSPLIT-03,24,b1_2026-09-11T1024Z_8ccc16,2026-09-11T10:24:15+00:00
C0576,L011,CMOS_B,PASS,0.2036,Propagation_Delay_ns,0.7964,6,0,NOMINAL,False,B_OK,All six parameters are predicted to stay within limits with margin.,b1-contract-0.6,b1-v0.3,fs-0h24h-lot-v2,SIH26170-MOCK-02,26172,LOTSPLIT-03,24,b1_2026-09-11T1024Z_8ccc16,2026-09-11T10:24:15+00:00
C0577,L011,CMOS_B,PASS,0.0136,Output_Rise_Time_ns,0.9864,6,0,NOMINAL,False,B_OK,All six parameters are predicted to stay within limits with margin.,b1-contract-0.6,b1-v0.3,fs-0h24h-lot-v2,SIH26170-MOCK-02,26172,LOTSPLIT-03,24,b1_2026-09-11T1024Z_8ccc16,2026-09-11T10:24:15+00:00
C0578,L011,CMOS_B,PASS,0.0152,Output_Fall_Time_ns,0.9848,6,0,NOMINAL,False,B_OK,All six parameters are predicted to stay within limits with margin.,b1-contract-0.6,b1-v0.3,fs-0h24h-lot-v2,SIH26170-MOCK-02,26172,LOTSPLIT-03,24,b1_2026-09-11T1024Z_8ccc16,2026-09-11T10:24:15+00:00
C0579,L011,CMOS_B,PASS,0.1511,Propagation_Delay_ns,0.8489,6,0,NOMINAL,False,B_OK,All six parameters are predicted to stay within limits with margin.,b1-contract-0.6,b1-v0.3,fs-0h24h-lot-v2,SIH26170-MOCK-02,26172,LOTSPLIT-03,24,b1_2026-09-11T1024Z_8ccc16,2026-09-11T10:24:15+00:00
C0580,L011,CMOS_B,PASS,0.0176,IDDQ_uA,0.9824,6,0,NOMINAL,False,B_OK,All six parameters are predicted to stay within limits with margin.,b1-contract-0.6,b1-v0.3,fs-0h24h-lot-v2,SIH26170-MOCK-02,26172,LOTSPLIT-03,24,b1_2026-09-11T1024Z_8ccc16,2026-09-11T10:24:15+00:00
C0581,L011,CMOS_B,PASS,0.2263,Propagation_Delay_ns,0.7737,6,0,NOMINAL,False,B_OK,All six parameters are predicted to stay within limits with margin.,b1-contract-0.6,b1-v0.3,fs-0h24h-lot-v2,SIH26170-MOCK-02,26172,LOTSPLIT-03,24,b1_2026-09-11T1024Z_8ccc16,2026-09-11T10:24:15+00:00
C0582,L011,CMOS_B,PASS,0.0806,Supply_Current_ICC_uA,0.9194,6,0,NOMINAL,False,B_OK,All six parameters are predicted to stay within limits with margin.,b1-contract-0.6,b1-v0.3,fs-0h24h-lot-v2,SIH26170-MOCK-02,26172,LOTSPLIT-03,24,b1_2026-09-11T1024Z_8ccc16,2026-09-11T10:24:15+00:00
C0583,L011,CMOS_B,PASS,0.0507,Supply_Current_ICC_uA,0.9493,6,0,NOMINAL,False,B_OK,All six parameters are predicted to stay within limits with margin.,b1-contract-0.6,b1-v0.3,fs-0h24h-lot-v2,SIH26170-MOCK-02,26172,LOTSPLIT-03,24,b1_2026-09-11T1024Z_8ccc16,2026-09-11T10:24:15+00:00
C0584,L012,CMOS_B,PASS,0.1381,Supply_Current_ICC_uA,0.8619,6,0,NOMINAL,False,B_OK,All six parameters are predicted to stay within limits with margin.,b1-contract-0.6,b1-v0.3,fs-0h24h-lot-v2,SIH26170-MOCK-02,26172,LOTSPLIT-03,24,b1_2026-09-11T1024Z_8ccc16,2026-09-11T10:24:15+00:00
C0585,L012,CMOS_B,PASS,0.1175,Propagation_Delay_ns,0.8825,6,0,NOMINAL,False,B_OK,All six parameters are predicted to stay within limits with margin.,b1-contract-0.6,b1-v0.3,fs-0h24h-lot-v2,SIH26170-MOCK-02,26172,LOTSPLIT-03,24,b1_2026-09-11T1024Z_8ccc16,2026-09-11T10:24:15+00:00
C0586,L012,CMOS_B,PASS,0.0637,Output_Rise_Time_ns,0.9363,6,0,NOMINAL,False,B_OK,All six parameters are predicted to stay within limits with margin.,b1-contract-0.6,b1-v0.3,fs-0h24h-lot-v2,SIH26170-MOCK-02,26172,LOTSPLIT-03,24,b1_2026-09-11T1024Z_8ccc16,2026-09-11T10:24:15+00:00
C0587,L012,CMOS_B,PASS,0.122,Output_Rise_Time_ns,0.878,6,0,NOMINAL,False,B_OK,All six parameters are predicted to stay within limits with margin.,b1-contract-0.6,b1-v0.3,fs-0h24h-lot-v2,SIH26170-MOCK-02,26172,LOTSPLIT-03,24,b1_2026-09-11T1024Z_8ccc16,2026-09-11T10:24:15+00:00
C0588,L012,CMOS_B,PASS,0.197,Propagation_Delay_ns,0.803,6,0,NOMINAL,False,B_OK,All six parameters are predicted to stay within limits with margin.,b1-contract-0.6,b1-v0.3,fs-0h24h-lot-v2,SIH26170-MOCK-02,26172,LOTSPLIT-03,24,b1_2026-09-11T1024Z_8ccc16,2026-09-11T10:24:15+00:00
C0589,L012,CMOS_B,PASS,0.2033,Propagation_Delay_ns,0.7967,6,0,NOMINAL,False,B_OK,All six parameters are predicted to stay within limits with margin.,b1-contract-0.6,b1-v0.3,fs-0h24h-lot-v2,SIH26170-MOCK-02,26172,LOTSPLIT-03,24,b1_2026-09-11T1024Z_8ccc16,2026-09-11T10:24:15+00:00
C0590,L012,CMOS_B,PASS,0.1072,Output_Rise_Time_ns,0.8928,6,0,NOMINAL,False,B_OK,All six parameters are predicted to stay within limits with margin.,b1-contract-0.6,b1-v0.3,fs-0h24h-lot-v2,SIH26170-MOCK-02,26172,LOTSPLIT-03,24,b1_2026-09-11T1024Z_8ccc16,2026-09-11T10:24:15+00:00
C0591,L012,CMOS_B,PASS,0.1463,Propagation_Delay_ns,0.8537,6,0,NOMINAL,False,B_OK,All six parameters are predicted to stay within limits with margin.,b1-contract-0.6,b1-v0.3,fs-0h24h-lot-v2,SIH26170-MOCK-02,26172,LOTSPLIT-03,24,b1_2026-09-11T1024Z_8ccc16,2026-09-11T10:24:15+00:00
C0592,L012,CMOS_B,PASS,0.087,Propagation_Delay_ns,0.913,6,0,NOMINAL,False,B_OK,All six parameters are predicted to stay within limits with margin.,b1-contract-0.6,b1-v0.3,fs-0h24h-lot-v2,SIH26170-MOCK-02,26172,LOTSPLIT-03,24,b1_2026-09-11T1024Z_8ccc16,2026-09-11T10:24:15+00:00
C0593,L012,CMOS_B,PASS,0.2208,Propagation_Delay_ns,0.7792,6,0,NOMINAL,False,B_OK,All six parameters are predicted to stay within limits with margin.,b1-contract-0.6,b1-v0.3,fs-0h24h-lot-v2,SIH26170-MOCK-02,26172,LOTSPLIT-03,24,b1_2026-09-11T1024Z_8ccc16,2026-09-11T10:24:15+00:00
C0594,L012,CMOS_B,PASS,0.1641,Output_Rise_Time_ns,0.8359,6,0,NOMINAL,False,B_OK,All six parameters are predicted to stay within limits with margin.,b1-contract-0.6,b1-v0.3,fs-0h24h-lot-v2,SIH26170-MOCK-02,26172,LOTSPLIT-03,24,b1_2026-09-11T1024Z_8ccc16,2026-09-11T10:24:15+00:00
C0595,L012,CMOS_B,PASS,0.0493,Supply_Current_ICC_uA,0.9507,6,0,NOMINAL,False,B_OK,All six parameters are predicted to stay within limits with margin.,b1-contract-0.6,b1-v0.3,fs-0h24h-lot-v2,SIH26170-MOCK-02,26172,LOTSPLIT-03,24,b1_2026-09-11T1024Z_8ccc16,2026-09-11T10:24:15+00:00
C0596,L012,CMOS_B,PASS,0.1136,Supply_Current_ICC_uA,0.8864,6,0,NOMINAL,False,B_OK,All six parameters are predicted to stay within limits with margin.,b1-contract-0.6,b1-v0.3,fs-0h24h-lot-v2,SIH26170-MOCK-02,26172,LOTSPLIT-03,24,b1_2026-09-11T1024Z_8ccc16,2026-09-11T10:24:15+00:00
C0597,L012,CMOS_B,PASS,0.0152,IDDQ_uA,0.9848,6,0,NOMINAL,False,B_OK,All six parameters are predicted to stay within limits with margin.,b1-contract-0.6,b1-v0.3,fs-0h24h-lot-v2,SIH26170-MOCK-02,26172,LOTSPLIT-03,24,b1_2026-09-11T1024Z_8ccc16,2026-09-11T10:24:15+00:00
C0598,L012,CMOS_B,PASS,0.1368,Propagation_Delay_ns,0.8632,6,0,NOMINAL,False,B_OK,All six parameters are predicted to stay within limits with margin.,b1-contract-0.6,b1-v0.3,fs-0h24h-lot-v2,SIH26170-MOCK-02,26172,LOTSPLIT-03,24,b1_2026-09-11T1024Z_8ccc16,2026-09-11T10:24:15+00:00
C0599,L012,CMOS_B,PASS,0.0418,Supply_Current_ICC_uA,0.9582,6,0,NOMINAL,False,B_OK,All six parameters are predicted to stay within limits with margin.,b1-contract-0.6,b1-v0.3,fs-0h24h-lot-v2,SIH26170-MOCK-02,26172,LOTSPLIT-03,24,b1_2026-09-11T1024Z_8ccc16,2026-09-11T10:24:15+00:00
C0600,L012,CMOS_B,PASS,0.0347,Output_Rise_Time_ns,0.9653,6,0,NOMINAL,False,B_OK,All six parameters are predicted to stay within limits with margin.,b1-contract-0.6,b1-v0.3,fs-0h24h-lot-v2,SIH26170-MOCK-02,26172,LOTSPLIT-03,24,b1_2026-09-11T1024Z_8ccc16,2026-09-11T10:24:15+00:00
C0601,L012,CMOS_B,PASS,0.0929,Propagation_Delay_ns,0.9071,6,0,NOMINAL,False,B_OK,All six parameters are predicted to stay within limits with margin.,b1-contract-0.6,b1-v0.3,fs-0h24h-lot-v2,SIH26170-MOCK-02,26172,LOTSPLIT-03,24,b1_2026-09-11T1024Z_8ccc16,2026-09-11T10:24:15+00:00
C0602,L012,CMOS_B,PASS,0.0256,Output_Fall_Time_ns,0.9744,6,0,NOMINAL,False,B_OK,All six parameters are predicted to stay within limits with margin.,b1-contract-0.6,b1-v0.3,fs-0h24h-lot-v2,SIH26170-MOCK-02,26172,LOTSPLIT-03,24,b1_2026-09-11T1024Z_8ccc16,2026-09-11T10:24:15+00:00
C0603,L012,CMOS_B,PASS,0.0872,Supply_Current_ICC_uA,0.9128,6,0,NOMINAL,False,B_OK,All six parameters are predicted to stay within limits with margin.,b1-contract-0.6,b1-v0.3,fs-0h24h-lot-v2,SIH26170-MOCK-02,26172,LOTSPLIT-03,24,b1_2026-09-11T1024Z_8ccc16,2026-09-11T10:24:15+00:00
C0604,L012,CMOS_B,PASS,0.0345,Propagation_Delay_ns,0.9655,6,0,NOMINAL,False,B_OK,All six parameters are predicted to stay within limits with margin.,b1-contract-0.6,b1-v0.3,fs-0h24h-lot-v2,SIH26170-MOCK-02,26172,LOTSPLIT-03,24,b1_2026-09-11T1024Z_8ccc16,2026-09-11T10:24:15+00:00
C0605,L012,CMOS_B,PASS,0.0381,Propagation_Delay_ns,0.9619,6,0,NOMINAL,False,B_OK,All six parameters are predicted to stay within limits with margin.,b1-contract-0.6,b1-v0.3,fs-0h24h-lot-v2,SIH26170-MOCK-02,26172,LOTSPLIT-03,24,b1_2026-09-11T1024Z_8ccc16,2026-09-11T10:24:15+00:00
C0606,L012,CMOS_B,PASS,0.1532,Propagation_Delay_ns,0.8468,6,0,NOMINAL,False,B_OK,All six parameters are predicted to stay within limits with margin.,b1-contract-0.6,b1-v0.3,fs-0h24h-lot-v2,SIH26170-MOCK-02,26172,LOTSPLIT-03,24,b1_2026-09-11T1024Z_8ccc16,2026-09-11T10:24:15+00:00
C0607,L012,CMOS_B,PASS,0.0155,IDDQ_uA,0.9845,6,0,NOMINAL,False,B_OK,All six parameters are predicted to stay within limits with margin.,b1-contract-0.6,b1-v0.3,fs-0h24h-lot-v2,SIH26170-MOCK-02,26172,LOTSPLIT-03,24,b1_2026-09-11T1024Z_8ccc16,2026-09-11T10:24:15+00:00
C0608,L012,CMOS_B,PASS,0.0358,Propagation_Delay_ns,0.9642,6,0,NOMINAL,False,B_OK,All six parameters are predicted to stay within limits with margin.,b1-contract-0.6,b1-v0.3,fs-0h24h-lot-v2,SIH26170-MOCK-02,26172,LOTSPLIT-03,24,b1_2026-09-11T1024Z_8ccc16,2026-09-11T10:24:15+00:00
C0609,L012,CMOS_B,PASS,0.0895,Propagation_Delay_ns,0.9105,6,0,NOMINAL,False,B_OK,All six parameters are predicted to stay within limits with margin.,b1-contract-0.6,b1-v0.3,fs-0h24h-lot-v2,SIH26170-MOCK-02,26172,LOTSPLIT-03,24,b1_2026-09-11T1024Z_8ccc16,2026-09-11T10:24:15+00:00
C0610,L012,CMOS_B,PASS,0.1771,Propagation_Delay_ns,0.8229,6,0,NOMINAL,False,B_OK,All six parameters are predicted to stay within limits with margin.,b1-contract-0.6,b1-v0.3,fs-0h24h-lot-v2,SIH26170-MOCK-02,26172,LOTSPLIT-03,24,b1_2026-09-11T1024Z_8ccc16,2026-09-11T10:24:15+00:00
C0611,L012,CMOS_B,PASS,0.0178,Supply_Current_ICC_uA,0.9822,6,0,NOMINAL,False,B_OK,All six parameters are predicted to stay within limits with margin.,b1-contract-0.6,b1-v0.3,fs-0h24h-lot-v2,SIH26170-MOCK-02,26172,LOTSPLIT-03,24,b1_2026-09-11T1024Z_8ccc16,2026-09-11T10:24:15+00:00
C0612,L012,CMOS_B,PASS,0.0538,Output_Rise_Time_ns,0.9462,6,0,NOMINAL,False,B_OK,All six parameters are predicted to stay within limits with margin.,b1-contract-0.6,b1-v0.3,fs-0h24h-lot-v2,SIH26170-MOCK-02,26172,LOTSPLIT-03,24,b1_2026-09-11T1024Z_8ccc16,2026-09-11T10:24:15+00:00
C0613,L012,CMOS_B,PASS,0.1557,Propagation_Delay_ns,0.8443,6,0,NOMINAL,False,B_OK,All six parameters are predicted to stay within limits with margin.,b1-contract-0.6,b1-v0.3,fs-0h24h-lot-v2,SIH26170-MOCK-02,26172,LOTSPLIT-03,24,b1_2026-09-11T1024Z_8ccc16,2026-09-11T10:24:15+00:00
C0614,L012,CMOS_B,PASS,0.1467,Supply_Current_ICC_uA,0.8533,6,0,NOMINAL,False,B_OK,All six parameters are predicted to stay within limits with margin.,b1-contract-0.6,b1-v0.3,fs-0h24h-lot-v2,SIH26170-MOCK-02,26172,LOTSPLIT-03,24,b1_2026-09-11T1024Z_8ccc16,2026-09-11T10:24:15+00:00
C0615,L012,CMOS_B,PASS,0.0475,Propagation_Delay_ns,0.9525,6,0,NOMINAL,False,B_OK,All six parameters are predicted to stay within limits with margin.,b1-contract-0.6,b1-v0.3,fs-0h24h-lot-v2,SIH26170-MOCK-02,26172,LOTSPLIT-03,24,b1_2026-09-11T1024Z_8ccc16,2026-09-11T10:24:15+00:00
C0616,L012,CMOS_B,PASS,0.1392,Supply_Current_ICC_uA,0.8608,6,0,NOMINAL,False,B_OK,All six parameters are predicted to stay within limits with margin.,b1-contract-0.6,b1-v0.3,fs-0h24h-lot-v2,SIH26170-MOCK-02,26172,LOTSPLIT-03,24,b1_2026-09-11T1024Z_8ccc16,2026-09-11T10:24:15+00:00
C0617,L012,CMOS_B,PASS,0.0349,Output_Fall_Time_ns,0.9651,6,0,NOMINAL,False,B_OK,All six parameters are predicted to stay within limits with margin.,b1-contract-0.6,b1-v0.3,fs-0h24h-lot-v2,SIH26170-MOCK-02,26172,LOTSPLIT-03,24,b1_2026-09-11T1024Z_8ccc16,2026-09-11T10:24:15+00:00
C0618,L012,CMOS_B,PASS,0.1346,Supply_Current_ICC_uA,0.8654,6,0,NOMINAL,False,B_OK,All six parameters are predicted to stay within limits with margin.,b1-contract-0.6,b1-v0.3,fs-0h24h-lot-v2,SIH26170-MOCK-02,26172,LOTSPLIT-03,24,b1_2026-09-11T1024Z_8ccc16,2026-09-11T10:24:15+00:00
C0619,L012,CMOS_B,PASS,0.09,Supply_Current_ICC_uA,0.91,6,0,NOMINAL,False,B_OK,All six parameters are predicted to stay within limits with margin.,b1-contract-0.6,b1-v0.3,fs-0h24h-lot-v2,SIH26170-MOCK-02,26172,LOTSPLIT-03,24,b1_2026-09-11T1024Z_8ccc16,2026-09-11T10:24:15+00:00
C0620,L012,CMOS_B,PASS,0.1364,Output_Rise_Time_ns,0.8636,6,0,NOMINAL,False,B_OK,All six parameters are predicted to stay within limits with margin.,b1-contract-0.6,b1-v0.3,fs-0h24h-lot-v2,SIH26170-MOCK-02,26172,LOTSPLIT-03,24,b1_2026-09-11T1024Z_8ccc16,2026-09-11T10:24:15+00:00
C0621,L012,CMOS_B,PASS,0.014,Supply_Current_ICC_uA,0.986,6,0,NOMINAL,False,B_OK,All six parameters are predicted to stay within limits with margin.,b1-contract-0.6,b1-v0.3,fs-0h24h-lot-v2,SIH26170-MOCK-02,26172,LOTSPLIT-03,24,b1_2026-09-11T1024Z_8ccc16,2026-09-11T10:24:15+00:00
C0622,L012,CMOS_B,PASS,0.1592,Propagation_Delay_ns,0.8408,6,0,NOMINAL,False,B_OK,All six parameters are predicted to stay within limits with margin.,b1-contract-0.6,b1-v0.3,fs-0h24h-lot-v2,SIH26170-MOCK-02,26172,LOTSPLIT-03,24,b1_2026-09-11T1024Z_8ccc16,2026-09-11T10:24:15+00:00
C0623,L012,CMOS_B,PASS,0.0683,Supply_Current_ICC_uA,0.9317,6,0,NOMINAL,False,B_OK,All six parameters are predicted to stay within limits with margin.,b1-contract-0.6,b1-v0.3,fs-0h24h-lot-v2,SIH26170-MOCK-02,26172,LOTSPLIT-03,24,b1_2026-09-11T1024Z_8ccc16,2026-09-11T10:24:15+00:00
C0624,L012,CMOS_B,PASS,0.0448,Output_Fall_Time_ns,0.9552,6,0,NOMINAL,False,B_OK,All six parameters are predicted to stay within limits with margin.,b1-contract-0.6,b1-v0.3,fs-0h24h-lot-v2,SIH26170-MOCK-02,26172,LOTSPLIT-03,24,b1_2026-09-11T1024Z_8ccc16,2026-09-11T10:24:15+00:00
C0625,L012,CMOS_B,PASS,0.083,Propagation_Delay_ns,0.917,6,0,NOMINAL,False,B_OK,All six parameters are predicted to stay within limits with margin.,b1-contract-0.6,b1-v0.3,fs-0h24h-lot-v2,SIH26170-MOCK-02,26172,LOTSPLIT-03,24,b1_2026-09-11T1024Z_8ccc16,2026-09-11T10:24:15+00:00
C0626,L012,CMOS_B,PASS,0.15,Supply_Current_ICC_uA,0.85,6,0,NOMINAL,False,B_OK,All six parameters are predicted to stay within limits with margin.,b1-contract-0.6,b1-v0.3,fs-0h24h-lot-v2,SIH26170-MOCK-02,26172,LOTSPLIT-03,24,b1_2026-09-11T1024Z_8ccc16,2026-09-11T10:24:15+00:00
C0627,L012,CMOS_B,PASS,0.0825,Output_Rise_Time_ns,0.9175,6,0,NOMINAL,False,B_OK,All six parameters are predicted to stay within limits with margin.,b1-contract-0.6,b1-v0.3,fs-0h24h-lot-v2,SIH26170-MOCK-02,26172,LOTSPLIT-03,24,b1_2026-09-11T1024Z_8ccc16,2026-09-11T10:24:15+00:00
C0843,L017,CMOS_C,PASS,0.1826,Supply_Current_ICC_uA,0.8174,6,0,NOMINAL,False,B_OK,All six parameters are predicted to stay within limits with margin.,b1-contract-0.6,b1-v0.3,fs-0h24h-lot-v2,SIH26170-MOCK-02,26172,LOTSPLIT-03,24,b1_2026-09-11T1024Z_8ccc16,2026-09-11T10:24:15+00:00
C0844,L017,CMOS_C,PASS,0.0474,Supply_Current_ICC_uA,0.9526,6,0,NOMINAL,False,B_OK,All six parameters are predicted to stay within limits with margin.,b1-contract-0.6,b1-v0.3,fs-0h24h-lot-v2,SIH26170-MOCK-02,26172,LOTSPLIT-03,24,b1_2026-09-11T1024Z_8ccc16,2026-09-11T10:24:15+00:00
C0845,L017,CMOS_C,PASS,0.1283,Supply_Current_ICC_uA,0.8717,6,0,NOMINAL,False,B_OK,All six parameters are predicted to stay within limits with margin.,b1-contract-0.6,b1-v0.3,fs-0h24h-lot-v2,SIH26170-MOCK-02,26172,LOTSPLIT-03,24,b1_2026-09-11T1024Z_8ccc16,2026-09-11T10:24:15+00:00
C0846,L017,CMOS_C,PASS,0.1476,Propagation_Delay_ns,0.8524,6,0,NOMINAL,False,B_OK,All six parameters are predicted to stay within limits with margin.,b1-contract-0.6,b1-v0.3,fs-0h24h-lot-v2,SIH26170-MOCK-02,26172,LOTSPLIT-03,24,b1_2026-09-11T1024Z_8ccc16,2026-09-11T10:24:15+00:00
C0847,L017,CMOS_C,PASS,0.0662,Propagation_Delay_ns,0.9338,6,0,NOMINAL,False,B_OK,All six parameters are predicted to stay within limits with margin.,b1-contract-0.6,b1-v0.3,fs-0h24h-lot-v2,SIH26170-MOCK-02,26172,LOTSPLIT-03,24,b1_2026-09-11T1024Z_8ccc16,2026-09-11T10:24:15+00:00
C0848,L017,CMOS_C,PASS,0.1154,Supply_Current_ICC_uA,0.8846,6,0,NOMINAL,False,B_OK,All six parameters are predicted to stay within limits with margin.,b1-contract-0.6,b1-v0.3,fs-0h24h-lot-v2,SIH26170-MOCK-02,26172,LOTSPLIT-03,24,b1_2026-09-11T1024Z_8ccc16,2026-09-11T10:24:15+00:00
C0849,L017,CMOS_C,PASS,0.1346,Propagation_Delay_ns,0.8654,6,0,NOMINAL,False,B_OK,All six parameters are predicted to stay within limits with margin.,b1-contract-0.6,b1-v0.3,fs-0h24h-lot-v2,SIH26170-MOCK-02,26172,LOTSPLIT-03,24,b1_2026-09-11T1024Z_8ccc16,2026-09-11T10:24:15+00:00
C0850,L017,CMOS_C,PASS,0.1185,Propagation_Delay_ns,0.8815,6,0,NOMINAL,False,B_OK,All six parameters are predicted to stay within limits with margin.,b1-contract-0.6,b1-v0.3,fs-0h24h-lot-v2,SIH26170-MOCK-02,26172,LOTSPLIT-03,24,b1_2026-09-11T1024Z_8ccc16,2026-09-11T10:24:15+00:00
C0851,L017,CMOS_C,PASS,0.2182,Propagation_Delay_ns,0.7818,6,0,NOMINAL,False,B_OK,All six parameters are predicted to stay within limits with margin.,b1-contract-0.6,b1-v0.3,fs-0h24h-lot-v2,SIH26170-MOCK-02,26172,LOTSPLIT-03,24,b1_2026-09-11T1024Z_8ccc16,2026-09-11T10:24:15+00:00
C0852,L017,CMOS_C,PASS,0.2155,Supply_Current_ICC_uA,0.7845,6,0,NOMINAL,False,B_OK,All six parameters are predicted to stay within limits with margin.,b1-contract-0.6,b1-v0.3,fs-0h24h-lot-v2,SIH26170-MOCK-02,26172,LOTSPLIT-03,24,b1_2026-09-11T1024Z_8ccc16,2026-09-11T10:24:15+00:00
C0853,L017,CMOS_C,PASS,0.0408,Output_Fall_Time_ns,0.9592,6,0,NOMINAL,False,B_OK,All six parameters are predicted to stay within limits with margin.,b1-contract-0.6,b1-v0.3,fs-0h24h-lot-v2,SIH26170-MOCK-02,26172,LOTSPLIT-03,24,b1_2026-09-11T1024Z_8ccc16,2026-09-11T10:24:15+00:00
C0854,L017,CMOS_C,PASS,0.1136,Propagation_Delay_ns,0.8864,6,0,NOMINAL,False,B_OK,All six parameters are predicted to stay within limits with margin.,b1-contract-0.6,b1-v0.3,fs-0h24h-lot-v2,SIH26170-MOCK-02,26172,LOTSPLIT-03,24,b1_2026-09-11T1024Z_8ccc16,2026-09-11T10:24:15+00:00
C0855,L017,CMOS_C,PASS,0.0558,Output_Fall_Time_ns,0.9442,6,0,NOMINAL,False,B_OK,All six parameters are predicted to stay within limits with margin.,b1-contract-0.6,b1-v0.3,fs-0h24h-lot-v2,SIH26170-MOCK-02,26172,LOTSPLIT-03,24,b1_2026-09-11T1024Z_8ccc16,2026-09-11T10:24:15+00:00
C0856,L017,CMOS_C,PASS,0.0468,Propagation_Delay_ns,0.9532,6,0,NOMINAL,False,B_OK,All six parameters are predicted to stay within limits with margin.,b1-contract-0.6,b1-v0.3,fs-0h24h-lot-v2,SIH26170-MOCK-02,26172,LOTSPLIT-03,24,b1_2026-09-11T1024Z_8ccc16,2026-09-11T10:24:15+00:00
C0857,L017,CMOS_C,PASS,0.1138,Supply_Current_ICC_uA,0.8862,6,0,NOMINAL,False,B_OK,All six parameters are predicted to stay within limits with margin.,b1-contract-0.6,b1-v0.3,fs-0h24h-lot-v2,SIH26170-MOCK-02,26172,LOTSPLIT-03,24,b1_2026-09-11T1024Z_8ccc16,2026-09-11T10:24:15+00:00
C0858,L017,CMOS_C,PASS,0.1329,Supply_Current_ICC_uA,0.8671,6,0,NOMINAL,False,B_OK,All six parameters are predicted to stay within limits with margin.,b1-contract-0.6,b1-v0.3,fs-0h24h-lot-v2,SIH26170-MOCK-02,26172,LOTSPLIT-03,24,b1_2026-09-11T1024Z_8ccc16,2026-09-11T10:24:15+00:00
C0859,L017,CMOS_C,PASS,0.0688,Output_Rise_Time_ns,0.9312,6,0,NOMINAL,False,B_OK,All six parameters are predicted to stay within limits with margin.,b1-contract-0.6,b1-v0.3,fs-0h24h-lot-v2,SIH26170-MOCK-02,26172,LOTSPLIT-03,24,b1_2026-09-11T1024Z_8ccc16,2026-09-11T10:24:15+00:00
C0860,L017,CMOS_C,PASS,0.0806,Propagation_Delay_ns,0.9194,6,0,NOMINAL,False,B_OK,All six parameters are predicted to stay within limits with margin.,b1-contract-0.6,b1-v0.3,fs-0h24h-lot-v2,SIH26170-MOCK-02,26172,LOTSPLIT-03,24,b1_2026-09-11T1024Z_8ccc16,2026-09-11T10:24:15+00:00
C0861,L017,CMOS_C,PASS,0.0682,Supply_Current_ICC_uA,0.9318,6,0,NOMINAL,False,B_OK,All six parameters are predicted to stay within limits with margin.,b1-contract-0.6,b1-v0.3,fs-0h24h-lot-v2,SIH26170-MOCK-02,26172,LOTSPLIT-03,24,b1_2026-09-11T1024Z_8ccc16,2026-09-11T10:24:15+00:00
C0862,L017,CMOS_C,PASS,0.0417,Propagation_Delay_ns,0.9583,6,0,NOMINAL,False,B_OK,All six parameters are predicted to stay within limits with margin.,b1-contract-0.6,b1-v0.3,fs-0h24h-lot-v2,SIH26170-MOCK-02,26172,LOTSPLIT-03,24,b1_2026-09-11T1024Z_8ccc16,2026-09-11T10:24:15+00:00
C0863,L017,CMOS_C,PASS,0.1679,Propagation_Delay_ns,0.8321,6,0,NOMINAL,False,B_OK,All six parameters are predicted to stay within limits with margin.,b1-contract-0.6,b1-v0.3,fs-0h24h-lot-v2,SIH26170-MOCK-02,26172,LOTSPLIT-03,24,b1_2026-09-11T1024Z_8ccc16,2026-09-11T10:24:15+00:00
C0864,L017,CMOS_C,PASS,0.0827,Supply_Current_ICC_uA,0.9173,6,0,NOMINAL,False,B_OK,All six parameters are predicted to stay within limits with margin.,b1-contract-0.6,b1-v0.3,fs-0h24h-lot-v2,SIH26170-MOCK-02,26172,LOTSPLIT-03,24,b1_2026-09-11T1024Z_8ccc16,2026-09-11T10:24:15+00:00
C0865,L017,CMOS_C,PASS,0.1137,Propagation_Delay_ns,0.8863,6,0,NOMINAL,False,B_OK,All six parameters are predicted to stay within limits with margin.,b1-contract-0.6,b1-v0.3,fs-0h24h-lot-v2,SIH26170-MOCK-02,26172,LOTSPLIT-03,24,b1_2026-09-11T1024Z_8ccc16,2026-09-11T10:24:15+00:00
C0866,L017,CMOS_C,PASS,0.2398,Supply_Current_ICC_uA,0.7602,6,0,NOMINAL,False,B_OK,All six parameters are predicted to stay within limits with margin.,b1-contract-0.6,b1-v0.3,fs-0h24h-lot-v2,SIH26170-MOCK-02,26172,LOTSPLIT-03,24,b1_2026-09-11T1024Z_8ccc16,2026-09-11T10:24:15+00:00
C0867,L017,CMOS_C,PASS,0.1995,Propagation_Delay_ns,0.8005,6,0,NOMINAL,False,B_OK,All six parameters are predicted to stay within limits with margin.,b1-contract-0.6,b1-v0.3,fs-0h24h-lot-v2,SIH26170-MOCK-02,26172,LOTSPLIT-03,24,b1_2026-09-11T1024Z_8ccc16,2026-09-11T10:24:15+00:00
C0868,L017,CMOS_C,PASS,0.1677,Supply_Current_ICC_uA,0.8323,6,0,NOMINAL,False,B_OK,All six parameters are predicted to stay within limits with margin.,b1-contract-0.6,b1-v0.3,fs-0h24h-lot-v2,SIH26170-MOCK-02,26172,LOTSPLIT-03,24,b1_2026-09-11T1024Z_8ccc16,2026-09-11T10:24:15+00:00
C0869,L017,CMOS_C,PASS,0.0549,Propagation_Delay_ns,0.9451,6,0,NOMINAL,False,B_OK,All six parameters are predicted to stay within limits with margin.,b1-contract-0.6,b1-v0.3,fs-0h24h-lot-v2,SIH26170-MOCK-02,26172,LOTSPLIT-03,24,b1_2026-09-11T1024Z_8ccc16,2026-09-11T10:24:15+00:00
C0870,L017,CMOS_C,PASS,0.2384,Propagation_Delay_ns,0.7616,6,0,NOMINAL,False,B_OK,All six parameters are predicted to stay within limits with margin.,b1-contract-0.6,b1-v0.3,fs-0h24h-lot-v2,SIH26170-MOCK-02,26172,LOTSPLIT-03,24,b1_2026-09-11T1024Z_8ccc16,2026-09-11T10:24:15+00:00
C0871,L017,CMOS_C,PASS,0.0081,Output_Rise_Time_ns,0.9919,6,0,NOMINAL,False,B_OK,All six parameters are predicted to stay within limits with margin.,b1-contract-0.6,b1-v0.3,fs-0h24h-lot-v2,SIH26170-MOCK-02,26172,LOTSPLIT-03,24,b1_2026-09-11T1024Z_8ccc16,2026-09-11T10:24:15+00:00
C0872,L017,CMOS_C,PASS,0.0274,Propagation_Delay_ns,0.9726,6,0,NOMINAL,False,B_OK,All six parameters are predicted to stay within limits with margin.,b1-contract-0.6,b1-v0.3,fs-0h24h-lot-v2,SIH26170-MOCK-02,26172,LOTSPLIT-03,24,b1_2026-09-11T1024Z_8ccc16,2026-09-11T10:24:15+00:00
C0873,L017,CMOS_C,PASS,0.1808,Supply_Current_ICC_uA,0.8192,6,0,NOMINAL,False,B_OK,All six parameters are predicted to stay within limits with margin.,b1-contract-0.6,b1-v0.3,fs-0h24h-lot-v2,SIH26170-MOCK-02,26172,LOTSPLIT-03,24,b1_2026-09-11T1024Z_8ccc16,2026-09-11T10:24:15+00:00
C0874,L017,CMOS_C,PASS,0.0784,Propagation_Delay_ns,0.9216,6,0,NOMINAL,False,B_OK,All six parameters are predicted to stay within limits with margin.,b1-contract-0.6,b1-v0.3,fs-0h24h-lot-v2,SIH26170-MOCK-02,26172,LOTSPLIT-03,24,b1_2026-09-11T1024Z_8ccc16,2026-09-11T10:24:15+00:00
C0875,L017,CMOS_C,PASS,0.0476,Output_Fall_Time_ns,0.9524,6,0,NOMINAL,False,B_OK,All six parameters are predicted to stay within limits with margin.,b1-contract-0.6,b1-v0.3,fs-0h24h-lot-v2,SIH26170-MOCK-02,26172,LOTSPLIT-03,24,b1_2026-09-11T1024Z_8ccc16,2026-09-11T10:24:15+00:00
C0876,L017,CMOS_C,PASS,0.1081,Supply_Current_ICC_uA,0.8919,6,0,NOMINAL,False,B_OK,All six parameters are predicted to stay within limits with margin.,b1-contract-0.6,b1-v0.3,fs-0h24h-lot-v2,SIH26170-MOCK-02,26172,LOTSPLIT-03,24,b1_2026-09-11T1024Z_8ccc16,2026-09-11T10:24:15+00:00
C0877,L017,CMOS_C,PASS,0.0499,Supply_Current_ICC_uA,0.9501,6,0,NOMINAL,False,B_OK,All six parameters are predicted to stay within limits with margin.,b1-contract-0.6,b1-v0.3,fs-0h24h-lot-v2,SIH26170-MOCK-02,26172,LOTSPLIT-03,24,b1_2026-09-11T1024Z_8ccc16,2026-09-11T10:24:15+00:00
C0878,L017,CMOS_C,PASS,0.1468,Propagation_Delay_ns,0.8532,6,0,NOMINAL,False,B_OK,All six parameters are predicted to stay within limits with margin.,b1-contract-0.6,b1-v0.3,fs-0h24h-lot-v2,SIH26170-MOCK-02,26172,LOTSPLIT-03,24,b1_2026-09-11T1024Z_8ccc16,2026-09-11T10:24:15+00:00
C0879,L017,CMOS_C,MONITOR,0.0027,Propagation_Delay_ns,1.147,6,1,LOW,True,B_UNCERTAIN_EXTRAPOLATION,"Predicted 168 h Propagation_Delay_ns is within limits, but the 0 h input lies outside the training envelope.",b1-contract-0.6,b1-v0.3,fs-0h24h-lot-v2,SIH26170-MOCK-02,26172,LOTSPLIT-03,24,b1_2026-09-11T1024Z_8ccc16,2026-09-11T10:24:15+00:00
C0880,L017,CMOS_C,PASS,0.0543,Supply_Current_ICC_uA,0.9457,6,0,NOMINAL,False,B_OK,All six parameters are predicted to stay within limits with margin.,b1-contract-0.6,b1-v0.3,fs-0h24h-lot-v2,SIH26170-MOCK-02,26172,LOTSPLIT-03,24,b1_2026-09-11T1024Z_8ccc16,2026-09-11T10:24:15+00:00
C0881,L017,CMOS_C,PASS,0.0883,Supply_Current_ICC_uA,0.9117,6,0,NOMINAL,False,B_OK,All six parameters are predicted to stay within limits with margin.,b1-contract-0.6,b1-v0.3,fs-0h24h-lot-v2,SIH26170-MOCK-02,26172,LOTSPLIT-03,24,b1_2026-09-11T1024Z_8ccc16,2026-09-11T10:24:15+00:00
C0882,L017,CMOS_C,PASS,0.0812,Propagation_Delay_ns,0.9188,6,0,NOMINAL,False,B_OK,All six parameters are predicted to stay within limits with margin.,b1-contract-0.6,b1-v0.3,fs-0h24h-lot-v2,SIH26170-MOCK-02,26172,LOTSPLIT-03,24,b1_2026-09-11T1024Z_8ccc16,2026-09-11T10:24:15+00:00
C0883,L017,CMOS_C,PASS,0.0728,Supply_Current_ICC_uA,0.9272,6,0,NOMINAL,False,B_OK,All six parameters are predicted to stay within limits with margin.,b1-contract-0.6,b1-v0.3,fs-0h24h-lot-v2,SIH26170-MOCK-02,26172,LOTSPLIT-03,24,b1_2026-09-11T1024Z_8ccc16,2026-09-11T10:24:15+00:00
C0884,L017,CMOS_C,PASS,0.0213,Output_Rise_Time_ns,0.9787,6,0,NOMINAL,False,B_OK,All six parameters are predicted to stay within limits with margin.,b1-contract-0.6,b1-v0.3,fs-0h24h-lot-v2,SIH26170-MOCK-02,26172,LOTSPLIT-03,24,b1_2026-09-11T1024Z_8ccc16,2026-09-11T10:24:15+00:00
C0885,L017,CMOS_C,PASS,0.0902,Supply_Current_ICC_uA,0.9098,6,0,NOMINAL,False,B_OK,All six parameters are predicted to stay within limits with margin.,b1-contract-0.6,b1-v0.3,fs-0h24h-lot-v2,SIH26170-MOCK-02,26172,LOTSPLIT-03,24,b1_2026-09-11T1024Z_8ccc16,2026-09-11T10:24:15+00:00
C0886,L017,CMOS_C,PASS,0.0688,Propagation_Delay_ns,0.9312,6,0,NOMINAL,False,B_OK,All six parameters are predicted to stay within limits with margin.,b1-contract-0.6,b1-v0.3,fs-0h24h-lot-v2,SIH26170-MOCK-02,26172,LOTSPLIT-03,24,b1_2026-09-11T1024Z_8ccc16,2026-09-11T10:24:15+00:00
C0887,L018,CMOS_C,PASS,0.0899,Supply_Current_ICC_uA,0.9101,6,0,NOMINAL,False,B_OK,All six parameters are predicted to stay within limits with margin.,b1-contract-0.6,b1-v0.3,fs-0h24h-lot-v2,SIH26170-MOCK-02,26172,LOTSPLIT-03,24,b1_2026-09-11T1024Z_8ccc16,2026-09-11T10:24:15+00:00
C0888,L018,CMOS_C,PASS,0.0873,Supply_Current_ICC_uA,0.9127,6,0,NOMINAL,False,B_OK,All six parameters are predicted to stay within limits with margin.,b1-contract-0.6,b1-v0.3,fs-0h24h-lot-v2,SIH26170-MOCK-02,26172,LOTSPLIT-03,24,b1_2026-09-11T1024Z_8ccc16,2026-09-11T10:24:15+00:00
C0889,L018,CMOS_C,PASS,0.0209,Output_Rise_Time_ns,0.9791,6,0,NOMINAL,False,B_OK,All six parameters are predicted to stay within limits with margin.,b1-contract-0.6,b1-v0.3,fs-0h24h-lot-v2,SIH26170-MOCK-02,26172,LOTSPLIT-03,24,b1_2026-09-11T1024Z_8ccc16,2026-09-11T10:24:15+00:00
C0890,L018,CMOS_C,PASS,0.1019,Supply_Current_ICC_uA,0.8981,6,0,NOMINAL,False,B_OK,All six parameters are predicted to stay within limits with margin.,b1-contract-0.6,b1-v0.3,fs-0h24h-lot-v2,SIH26170-MOCK-02,26172,LOTSPLIT-03,24,b1_2026-09-11T1024Z_8ccc16,2026-09-11T10:24:15+00:00
C0891,L018,CMOS_C,PASS,0.0252,Propagation_Delay_ns,0.9748,6,0,NOMINAL,False,B_OK,All six parameters are predicted to stay within limits with margin.,b1-contract-0.6,b1-v0.3,fs-0h24h-lot-v2,SIH26170-MOCK-02,26172,LOTSPLIT-03,24,b1_2026-09-11T1024Z_8ccc16,2026-09-11T10:24:15+00:00
C0892,L018,CMOS_C,PASS,0.0432,Supply_Current_ICC_uA,0.9568,6,0,NOMINAL,False,B_OK,All six parameters are predicted to stay within limits with margin.,b1-contract-0.6,b1-v0.3,fs-0h24h-lot-v2,SIH26170-MOCK-02,26172,LOTSPLIT-03,24,b1_2026-09-11T1024Z_8ccc16,2026-09-11T10:24:15+00:00
C0893,L018,CMOS_C,PASS,0.0101,Output_Fall_Time_ns,0.9899,6,0,NOMINAL,False,B_OK,All six parameters are predicted to stay within limits with margin.,b1-contract-0.6,b1-v0.3,fs-0h24h-lot-v2,SIH26170-MOCK-02,26172,LOTSPLIT-03,24,b1_2026-09-11T1024Z_8ccc16,2026-09-11T10:24:15+00:00
C0894,L018,CMOS_C,PASS,0.001,Input_Leakage_Current_uA,0.999,6,0,NOMINAL,False,B_OK,All six parameters are predicted to stay within limits with margin.,b1-contract-0.6,b1-v0.3,fs-0h24h-lot-v2,SIH26170-MOCK-02,26172,LOTSPLIT-03,24,b1_2026-09-11T1024Z_8ccc16,2026-09-11T10:24:15+00:00
C0895,L018,CMOS_C,PASS,0.0517,Propagation_Delay_ns,0.9483,6,0,NOMINAL,False,B_OK,All six parameters are predicted to stay within limits with margin.,b1-contract-0.6,b1-v0.3,fs-0h24h-lot-v2,SIH26170-MOCK-02,26172,LOTSPLIT-03,24,b1_2026-09-11T1024Z_8ccc16,2026-09-11T10:24:15+00:00
C0896,L018,CMOS_C,PASS,0.0757,Supply_Current_ICC_uA,0.9243,6,0,NOMINAL,False,B_OK,All six parameters are predicted to stay within limits with margin.,b1-contract-0.6,b1-v0.3,fs-0h24h-lot-v2,SIH26170-MOCK-02,26172,LOTSPLIT-03,24,b1_2026-09-11T1024Z_8ccc16,2026-09-11T10:24:15+00:00
C0897,L018,CMOS_C,PASS,0.0779,Supply_Current_ICC_uA,0.9221,6,0,NOMINAL,False,B_OK,All six parameters are predicted to stay within limits with margin.,b1-contract-0.6,b1-v0.3,fs-0h24h-lot-v2,SIH26170-MOCK-02,26172,LOTSPLIT-03,24,b1_2026-09-11T1024Z_8ccc16,2026-09-11T10:24:15+00:00
C0898,L018,CMOS_C,PASS,0.107,Supply_Current_ICC_uA,0.893,6,0,NOMINAL,False,B_OK,All six parameters are predicted to stay within limits with margin.,b1-contract-0.6,b1-v0.3,fs-0h24h-lot-v2,SIH26170-MOCK-02,26172,LOTSPLIT-03,24,b1_2026-09-11T1024Z_8ccc16,2026-09-11T10:24:15+00:00
C0899,L018,CMOS_C,PASS,0.0424,Propagation_Delay_ns,0.9576,6,0,NOMINAL,False,B_OK,All six parameters are predicted to stay within limits with margin.,b1-contract-0.6,b1-v0.3,fs-0h24h-lot-v2,SIH26170-MOCK-02,26172,LOTSPLIT-03,24,b1_2026-09-11T1024Z_8ccc16,2026-09-11T10:24:15+00:00
C0900,L018,CMOS_C,PASS,0.04,Supply_Current_ICC_uA,0.96,6,0,NOMINAL,False,B_OK,All six parameters are predicted to stay within limits with margin.,b1-contract-0.6,b1-v0.3,fs-0h24h-lot-v2,SIH26170-MOCK-02,26172,LOTSPLIT-03,24,b1_2026-09-11T1024Z_8ccc16,2026-09-11T10:24:15+00:00
C0901,L018,CMOS_C,PASS,0.0954,Supply_Current_ICC_uA,0.9046,6,0,NOMINAL,False,B_OK,All six parameters are predicted to stay within limits with margin.,b1-contract-0.6,b1-v0.3,fs-0h24h-lot-v2,SIH26170-MOCK-02,26172,LOTSPLIT-03,24,b1_2026-09-11T1024Z_8ccc16,2026-09-11T10:24:15+00:00
C0902,L018,CMOS_C,PASS,0.0583,Output_Fall_Time_ns,0.9417,6,0,NOMINAL,False,B_OK,All six parameters are predicted to stay within limits with margin.,b1-contract-0.6,b1-v0.3,fs-0h24h-lot-v2,SIH26170-MOCK-02,26172,LOTSPLIT-03,24,b1_2026-09-11T1024Z_8ccc16,2026-09-11T10:24:15+00:00
C0903,L018,CMOS_C,PASS,0.1551,Propagation_Delay_ns,0.8449,6,0,NOMINAL,False,B_OK,All six parameters are predicted to stay within limits with margin.,b1-contract-0.6,b1-v0.3,fs-0h24h-lot-v2,SIH26170-MOCK-02,26172,LOTSPLIT-03,24,b1_2026-09-11T1024Z_8ccc16,2026-09-11T10:24:15+00:00
C0904,L018,CMOS_C,PASS,0.1658,Supply_Current_ICC_uA,0.8342,6,0,NOMINAL,False,B_OK,All six parameters are predicted to stay within limits with margin.,b1-contract-0.6,b1-v0.3,fs-0h24h-lot-v2,SIH26170-MOCK-02,26172,LOTSPLIT-03,24,b1_2026-09-11T1024Z_8ccc16,2026-09-11T10:24:15+00:00
C0905,L018,CMOS_C,PASS,0.0499,Propagation_Delay_ns,0.9501,6,0,NOMINAL,False,B_OK,All six parameters are predicted to stay within limits with margin.,b1-contract-0.6,b1-v0.3,fs-0h24h-lot-v2,SIH26170-MOCK-02,26172,LOTSPLIT-03,24,b1_2026-09-11T1024Z_8ccc16,2026-09-11T10:24:15+00:00
C0906,L018,CMOS_C,PASS,0.0947,Propagation_Delay_ns,0.9053,6,0,NOMINAL,False,B_OK,All six parameters are predicted to stay within limits with margin.,b1-contract-0.6,b1-v0.3,fs-0h24h-lot-v2,SIH26170-MOCK-02,26172,LOTSPLIT-03,24,b1_2026-09-11T1024Z_8ccc16,2026-09-11T10:24:15+00:00
C0907,L018,CMOS_C,PASS,0.0234,Output_Rise_Time_ns,0.9766,6,0,NOMINAL,False,B_OK,All six parameters are predicted to stay within limits with margin.,b1-contract-0.6,b1-v0.3,fs-0h24h-lot-v2,SIH26170-MOCK-02,26172,LOTSPLIT-03,24,b1_2026-09-11T1024Z_8ccc16,2026-09-11T10:24:15+00:00
C0908,L018,CMOS_C,PASS,0.128,Propagation_Delay_ns,0.872,6,0,NOMINAL,False,B_OK,All six parameters are predicted to stay within limits with margin.,b1-contract-0.6,b1-v0.3,fs-0h24h-lot-v2,SIH26170-MOCK-02,26172,LOTSPLIT-03,24,b1_2026-09-11T1024Z_8ccc16,2026-09-11T10:24:15+00:00
C0909,L018,CMOS_C,PASS,0.2089,Supply_Current_ICC_uA,0.7911,6,0,NOMINAL,False,B_OK,All six parameters are predicted to stay within limits with margin.,b1-contract-0.6,b1-v0.3,fs-0h24h-lot-v2,SIH26170-MOCK-02,26172,LOTSPLIT-03,24,b1_2026-09-11T1024Z_8ccc16,2026-09-11T10:24:15+00:00
C0910,L018,CMOS_C,PASS,0.0864,Propagation_Delay_ns,0.9136,6,0,NOMINAL,False,B_OK,All six parameters are predicted to stay within limits with margin.,b1-contract-0.6,b1-v0.3,fs-0h24h-lot-v2,SIH26170-MOCK-02,26172,LOTSPLIT-03,24,b1_2026-09-11T1024Z_8ccc16,2026-09-11T10:24:15+00:00
C0911,L018,CMOS_C,PASS,0.004,IDDQ_uA,0.996,6,0,NOMINAL,False,B_OK,All six parameters are predicted to stay within limits with margin.,b1-contract-0.6,b1-v0.3,fs-0h24h-lot-v2,SIH26170-MOCK-02,26172,LOTSPLIT-03,24,b1_2026-09-11T1024Z_8ccc16,2026-09-11T10:24:15+00:00
C0912,L018,CMOS_C,PASS,0.0302,Output_Rise_Time_ns,0.9698,6,0,NOMINAL,False,B_OK,All six parameters are predicted to stay within limits with margin.,b1-contract-0.6,b1-v0.3,fs-0h24h-lot-v2,SIH26170-MOCK-02,26172,LOTSPLIT-03,24,b1_2026-09-11T1024Z_8ccc16,2026-09-11T10:24:15+00:00
C0913,L018,CMOS_C,PASS,0.1244,Propagation_Delay_ns,0.8756,6,0,NOMINAL,False,B_OK,All six parameters are predicted to stay within limits with margin.,b1-contract-0.6,b1-v0.3,fs-0h24h-lot-v2,SIH26170-MOCK-02,26172,LOTSPLIT-03,24,b1_2026-09-11T1024Z_8ccc16,2026-09-11T10:24:15+00:00
C0914,L018,CMOS_C,PASS,0.07,Propagation_Delay_ns,0.93,6,0,NOMINAL,False,B_OK,All six parameters are predicted to stay within limits with margin.,b1-contract-0.6,b1-v0.3,fs-0h24h-lot-v2,SIH26170-MOCK-02,26172,LOTSPLIT-03,24,b1_2026-09-11T1024Z_8ccc16,2026-09-11T10:24:15+00:00
C0915,L018,CMOS_C,PASS,0.0639,Supply_Current_ICC_uA,0.9361,6,0,NOMINAL,False,B_OK,All six parameters are predicted to stay within limits with margin.,b1-contract-0.6,b1-v0.3,fs-0h24h-lot-v2,SIH26170-MOCK-02,26172,LOTSPLIT-03,24,b1_2026-09-11T1024Z_8ccc16,2026-09-11T10:24:15+00:00
C0916,L018,CMOS_C,PASS,0.2201,Supply_Current_ICC_uA,0.7799,6,0,NOMINAL,False,B_OK,All six parameters are predicted to stay within limits with margin.,b1-contract-0.6,b1-v0.3,fs-0h24h-lot-v2,SIH26170-MOCK-02,26172,LOTSPLIT-03,24,b1_2026-09-11T1024Z_8ccc16,2026-09-11T10:24:15+00:00
C0917,L018,CMOS_C,PASS,0.0384,Supply_Current_ICC_uA,0.9616,6,0,NOMINAL,False,B_OK,All six parameters are predicted to stay within limits with margin.,b1-contract-0.6,b1-v0.3,fs-0h24h-lot-v2,SIH26170-MOCK-02,26172,LOTSPLIT-03,24,b1_2026-09-11T1024Z_8ccc16,2026-09-11T10:24:15+00:00
C0918,L018,CMOS_C,PASS,0.1314,Propagation_Delay_ns,0.8686,6,0,NOMINAL,False,B_OK,All six parameters are predicted to stay within limits with margin.,b1-contract-0.6,b1-v0.3,fs-0h24h-lot-v2,SIH26170-MOCK-02,26172,LOTSPLIT-03,24,b1_2026-09-11T1024Z_8ccc16,2026-09-11T10:24:15+00:00
C0919,L018,CMOS_C,PASS,0.1545,Propagation_Delay_ns,0.8455,6,0,NOMINAL,False,B_OK,All six parameters are predicted to stay within limits with margin.,b1-contract-0.6,b1-v0.3,fs-0h24h-lot-v2,SIH26170-MOCK-02,26172,LOTSPLIT-03,24,b1_2026-09-11T1024Z_8ccc16,2026-09-11T10:24:15+00:00
C0920,L018,CMOS_C,PASS,0.0007,IDDQ_uA,0.9993,6,0,NOMINAL,False,B_OK,All six parameters are predicted to stay within limits with margin.,b1-contract-0.6,b1-v0.3,fs-0h24h-lot-v2,SIH26170-MOCK-02,26172,LOTSPLIT-03,24,b1_2026-09-11T1024Z_8ccc16,2026-09-11T10:24:15+00:00
C0921,L018,CMOS_C,PASS,0.2143,Supply_Current_ICC_uA,0.7857,6,0,NOMINAL,False,B_OK,All six parameters are predicted to stay within limits with margin.,b1-contract-0.6,b1-v0.3,fs-0h24h-lot-v2,SIH26170-MOCK-02,26172,LOTSPLIT-03,24,b1_2026-09-11T1024Z_8ccc16,2026-09-11T10:24:15+00:00
C0922,L018,CMOS_C,REJECT,1.0,Supply_Current_ICC_uA,-0.2766,6,1,LOW,True,B_LIMIT_CROSS_PREDICTED,Predicted 168 h Supply_Current_ICC_uA of 564.934 uA exceeds the 500.0 uA limit for CMOS_C.,b1-contract-0.6,b1-v0.3,fs-0h24h-lot-v2,SIH26170-MOCK-02,26172,LOTSPLIT-03,24,b1_2026-09-11T1024Z_8ccc16,2026-09-11T10:24:15+00:00
C0923,L018,CMOS_C,PASS,0.1399,Propagation_Delay_ns,0.8601,6,0,NOMINAL,False,B_OK,All six parameters are predicted to stay within limits with margin.,b1-contract-0.6,b1-v0.3,fs-0h24h-lot-v2,SIH26170-MOCK-02,26172,LOTSPLIT-03,24,b1_2026-09-11T1024Z_8ccc16,2026-09-11T10:24:15+00:00
C0924,L018,CMOS_C,PASS,0.1749,Supply_Current_ICC_uA,0.8251,6,0,NOMINAL,False,B_OK,All six parameters are predicted to stay within limits with margin.,b1-contract-0.6,b1-v0.3,fs-0h24h-lot-v2,SIH26170-MOCK-02,26172,LOTSPLIT-03,24,b1_2026-09-11T1024Z_8ccc16,2026-09-11T10:24:15+00:00
C0925,L018,CMOS_C,PASS,0.0559,Propagation_Delay_ns,0.9441,6,0,NOMINAL,False,B_OK,All six parameters are predicted to stay within limits with margin.,b1-contract-0.6,b1-v0.3,fs-0h24h-lot-v2,SIH26170-MOCK-02,26172,LOTSPLIT-03,24,b1_2026-09-11T1024Z_8ccc16,2026-09-11T10:24:15+00:00
C0926,L018,CMOS_C,PASS,0.2001,Propagation_Delay_ns,0.7999,6,0,NOMINAL,False,B_OK,All six parameters are predicted to stay within limits with margin.,b1-contract-0.6,b1-v0.3,fs-0h24h-lot-v2,SIH26170-MOCK-02,26172,LOTSPLIT-03,24,b1_2026-09-11T1024Z_8ccc16,2026-09-11T10:24:15+00:00
C0927,L018,CMOS_C,PASS,0.027,Propagation_Delay_ns,0.973,6,0,NOMINAL,False,B_OK,All six parameters are predicted to stay within limits with margin.,b1-contract-0.6,b1-v0.3,fs-0h24h-lot-v2,SIH26170-MOCK-02,26172,LOTSPLIT-03,24,b1_2026-09-11T1024Z_8ccc16,2026-09-11T10:24:15+00:00
C0928,L018,CMOS_C,PASS,0.0555,Supply_Current_ICC_uA,0.9445,6,0,NOMINAL,False,B_OK,All six parameters are predicted to stay within limits with margin.,b1-contract-0.6,b1-v0.3,fs-0h24h-lot-v2,SIH26170-MOCK-02,26172,LOTSPLIT-03,24,b1_2026-09-11T1024Z_8ccc16,2026-09-11T10:24:15+00:00
C0929,L018,CMOS_C,PASS,0.1814,Propagation_Delay_ns,0.8186,6,0,NOMINAL,False,B_OK,All six parameters are predicted to stay within limits with margin.,b1-contract-0.6,b1-v0.3,fs-0h24h-lot-v2,SIH26170-MOCK-02,26172,LOTSPLIT-03,24,b1_2026-09-11T1024Z_8ccc16,2026-09-11T10:24:15+00:00
C0930,L018,CMOS_C,PASS,0.039,Output_Fall_Time_ns,0.961,6,0,NOMINAL,False,B_OK,All six parameters are predicted to stay within limits with margin.,b1-contract-0.6,b1-v0.3,fs-0h24h-lot-v2,SIH26170-MOCK-02,26172,LOTSPLIT-03,24,b1_2026-09-11T1024Z_8ccc16,2026-09-11T10:24:15+00:00
C0931,L018,CMOS_C,PASS,0.1619,Propagation_Delay_ns,0.8381,6,0,NOMINAL,False,B_OK,All six parameters are predicted to stay within limits with margin.,b1-contract-0.6,b1-v0.3,fs-0h24h-lot-v2,SIH26170-MOCK-02,26172,LOTSPLIT-03,24,b1_2026-09-11T1024Z_8ccc16,2026-09-11T10:24:15+00:00
C0932,L018,CMOS_C,PASS,0.1384,Propagation_Delay_ns,0.8616,6,0,NOMINAL,False,B_OK,All six parameters are predicted to stay within limits with margin.,b1-contract-0.6,b1-v0.3,fs-0h24h-lot-v2,SIH26170-MOCK-02,26172,LOTSPLIT-03,24,b1_2026-09-11T1024Z_8ccc16,2026-09-11T10:24:15+00:00
C0933,L018,CMOS_C,PASS,0.076,Supply_Current_ICC_uA,0.924,6,0,NOMINAL,False,B_OK,All six parameters are predicted to stay within limits with margin.,b1-contract-0.6,b1-v0.3,fs-0h24h-lot-v2,SIH26170-MOCK-02,26172,LOTSPLIT-03,24,b1_2026-09-11T1024Z_8ccc16,2026-09-11T10:24:15+00:00
